Var1,Var2,Var3,Var4,Var5,Var6,Var7,Var8,Var9,Var10,Var11,Var12,Var13,Var14,Var15,Var16,Var17,Var18,Var19,Var20,Var21,Var22,Var23,Var24,Var25,Var26,Var27,Var28,Var29,Var30,Var31,Var32,Var33,Var34,Var35,Var36,Var37,Var38
12:13.3,0.5194694,1.7772061,1.0277222,0.52643514,0.73758954,0.28299254,-0.06311749,0.17305085,0.971893,0.21195543,0.34484503,0.013679716,0.7697814,0.20611496,0.20038123,-0.1440949,-0.049123164,-0.12527195,-0.24252328,-0.29445985,907.8022,853.00366,846.55676,908.20514,985.56775,0.210632324,0.115783691,0.964660645,1.188812256,2.542114258,2.437438965,1,1,1,1,1,72.53
12:13.8,0.5241571,1.6832342,0.9543503,0.09525616,0.6244157,0.15354519,-0.14027281,0.113390535,0.9736817,0.21768002,0.35461494,0.51307726,0.66502005,0.24349813,0.17236036,0.4842647,-0.111947194,-0.17300922,-0.13181885,0.002204824,907.3993,883.22345,842.52747,892.8938,937.619,0.209960938,0.113830566,0.965759277,1.166381836,2.609405518,1.89163208,1,1,1,1,1,72.53
12:14.3,1.0550965,1.0566623,0.6005083,1.2425128,0.62881136,0.13679253,-0.46876654,0.34984165,0.97549707,0.19314848,0.27616727,0.55230904,0.5455012,0.28253695,0.29494217,0.46544197,-0.1362049,-0.13434272,-0.03648163,0.06582978,814.7253,844.5421,837.6923,834.0659,717.2161,0.20324707,0.114074707,0.966247559,0.792541504,2.504730225,2.071075439,1,1,1,1,1,72.53
12:14.8,1.2784811,1.1928666,0.33897418,1.4112098,0.7239752,0.33152306,-0.5001278,0.46831796,0.8412345,-0.083394505,0.17955165,0.50977105,0.28604096,0.10433547,0.25810906,0.3657824,-0.17702669,-0.20343596,-0.036550082,0.050579958,776.8498,846.1539,844.5421,777.6557,702.3077,0.202758789,0.11505127,0.965209961,1.652374268,2.751464844,1.831817627,1,1,1,1,1,72.53
12:15.3,1.3693179,1.184241,0.36311764,1.4101883,0.71323305,0.2899367,-0.535715,0.4583873,0.60044634,-0.13565688,-0.04484699,0.6063396,0.24110048,0.022975972,0.28444338,0.30446976,-0.14236371,-0.12032981,-0.038602643,0.025168303,940.84247,853.00366,845.34796,931.1722,976.7033,0.217224121,0.118652344,0.96496582,0.695343018,2.347717285,0.171966553,1,1,1,1,1,72.53
12:15.8,1.412065,0.9230651,0.24042735,1.1094676,0.76099855,0.000342,-0.4549917,0.32359448,0.6309981,-0.22526997,-0.077240676,0.59263337,0.2320292,-0.20502204,0.19793555,0.2318882,-0.15204409,-0.16597353,-0.1288365,-0.10851249,821.978,850.989,844.5421,833.663,748.24176,0.20123291,0.113708496,0.967224121,0.986938477,2.930908203,2.788848877,1,1,1,1,1,72.53
12:16.3,1.2532182,-0.59792554,0.018049903,0.09247065,0.6422575,-0.6592463,-0.4070731,-0.112771526,0.63797593,-0.46789584,-0.12586266,0.5547305,0.28639284,-0.13653973,0.1908883,0.29546937,-0.05695011,-0.051562943,-0.15294814,-0.26146725,772.4176,847.3626,853.00366,789.7436,711.5751,0.203796387,0.113586426,0.965515137,0.702819824,2.325286865,1.951446533,1,1,1,1,1,72.53
12:16.8,1.1106255,-0.62785006,-0.22302505,0.15149121,0.5837795,-0.52387595,-0.34485102,-0.1311472,0.6276086,-0.20917773,-0.12239842,0.49726424,0.2371902,-0.11878466,0.17491017,0.33851367,-0.070906244,-0.047139466,-0.15560406,-0.2534361,762.74725,854.61536,845.7509,783.2967,672.49084,0.207641602,0.113037109,0.964599609,0.665435791,2.265472412,2.168273926,1,1,1,1,1,72.53
12:17.3,0.82097983,-0.3838422,-0.36981484,0.20904264,0.5639912,-0.45218644,-0.3990113,-0.15737368,0.5853456,-0.021671487,0.012858952,0.06627587,0.3180595,-0.14936619,0.09320794,0.37770182,-0.063334584,-0.040252678,-0.16729376,-0.19697489,958.1685,848.1685,845.7509,941.6484,994.83514,0.200561523,0.10748291,0.969177246,0.942077637,1.368255615,1.704711914,1,1,1,1,1,72.52
12:17.8,1.0667709,-0.014021031,-0.093951,0.5128359,0.6524129,-0.44430333,-0.33563566,-0.027471138,0.5918346,-0.001018485,-0.011051021,0.047091834,0.4038055,-0.25416407,0.010719437,0.34630018,-0.089224406,-0.057283416,-0.21612602,-0.05979053,907.8022,857.8388,858.24176,909.41394,857.8388,0.204162598,0.113647461,0.967895508,0.635528564,2.243041992,1.831817627,1,1,1,1,1,72.52
12:18.4,1.1024034,-0.002741695,-0.061186794,0.598043,0.7495381,-0.5243083,-0.3953685,0.03268848,0.6446146,0.004322675,-0.004494183,0.050265398,0.4016852,-0.12502237,-0.06402267,0.2606248,-0.12457245,-0.111587614,-0.31269622,-0.0929251,760.32965,842.52747,839.707,786.52014,725.2747,0.219848633,0.118591309,0.965270996,1.472930908,2.287902832,2.459869385,1,1,1,1,1,72.52
12:18.9,1.0588443,-0.04118622,0.03711821,0.65082526,0.81079376,-0.6107379,-0.2765118,0.20085317,0.65138614,-0.17865121,0.040782757,-0.042361133,0.36306575,-0.02932558,0.041951522,0.22610112,-0.02870973,-0.102459736,-0.18239385,-0.034278553,815.5311,852.1978,853.8095,806.6667,822.381,0.216003418,0.116394043,0.961730957,1.368255615,3.185119629,2.661743164,1,1,1,1,1,72.52
12:19.4,0.7810829,-0.3270554,-0.2336814,0.41004732,0.83448905,-0.87329507,-0.3682079,0.17983377,0.6913478,-0.2327032,0.09855811,0.47134176,0.38246456,0.003911011,0.11193403,0.19381873,-0.064491846,-0.16266698,-0.060490917,-0.13341731,904.57874,844.5421,838.9011,900.54944,991.6117,0.210449219,0.113525391,0.965026855,0.770111084,2.108459473,2.041168213,1,1,1,1,1,72.52
12:19.9,0.7908195,0.05075084,-0.13196799,0.38362488,0.79260504,-0.53792346,-0.2692883,0.28176695,0.837079,0.25679624,0.34034935,1.0856193,0.36207163,-0.02313369,0.18859752,0.27205226,-0.011830771,-0.090312116,0.049887687,-0.03704534,933.9927,853.00366,838.49817,933.5897,924.7253,0.212890625,0.113525391,0.965637207,1.181335449,2.340240479,1.966400146,1,1,1,1,1,72.52
12:20.4,0.7145645,0.13519397,-0.14856325,0.5651255,0.8209675,-0.049164943,-0.14693752,0.5315665,1.310923,0.4058631,0.5582636,1.2863554,0.54871166,-0.016154459,0.2614928,0.3707982,-0.14610757,-0.0335729,0.041911036,-0.10955739,817.1429,847.3626,838.49817,823.9927,689.011,0.204467773,0.11315918,0.965881348,1.203765869,3.633728027,3.147735596,1,1,1,1,1,72.52
12:20.9,0.7818533,0.22372721,0.2704958,0.63870245,0.7701542,0.10355429,0.044598263,0.71990216,1.3132627,0.4077375,0.76962566,1.3043753,0.73509836,0.059873983,0.26895946,0.580199,-0.17640257,-0.013802044,0.014780235,-0.11606013,937.2161,845.34796,840.10986,924.7253,1069.3773,0.201660156,0.118164063,0.967834473,1.241149902,2.310333252,2.519683838,1,1,1,1,1,72.52
12:21.4,1.0340363,0.13854864,0.3012811,0.6274728,0.8047257,0.1801536,0.061767794,0.70354587,1.280865,0.3981206,0.7696084,1.2481104,0.8077558,0.08744122,0.29164305,0.63572586,-0.18206939,0.08507451,-0.12816055,-0.23303124,858.24176,848.97437,844.5421,859.85345,987.1795,0.201477051,0.119567871,0.965942383,1.031799316,2.654266357,1.667327881,1,1,1,1,1,72.52
12:22.0,1.0172228,0.08864406,0.27871853,0.47115192,0.6150012,0.028683092,-0.09005409,0.5273261,1.2296884,0.26683366,0.7330447,1.20644,0.7111969,0.14471216,0.29963952,0.59129584,-0.083278455,0.13245283,-0.10857155,-0.23626241,939.2308,855.42126,846.55676,937.619,996.04395,0.202270508,0.116210938,0.965148926,0.95703125,2.706604004,2.153320313,1,1,1,1,1,72.52
12:22.5,0.9204808,-0.14317371,-0.15123466,0.47177362,0.50984764,-0.25467747,-0.37254173,0.14860791,0.79537374,0.11541499,0.075764,0.52154315,0.43008026,0.10447991,0.28636694,0.39696926,-0.035001,0.25083217,0.005109991,-0.23111226,848.5714,847.76556,842.52747,851.79486,765.9707,0.196166992,0.115722656,0.968688965,1.00189209,2.601928711,2.362670898,1,1,1,1,1,72.52
12:23.0,0.5802804,-0.34911618,-0.20217633,0.42391184,0.485509,-0.48978952,-0.42936057,0.104379304,0.77005637,0.07950974,-0.12390212,0.5689574,0.38399196,0.10240349,0.29591587,0.36792466,-0.04264121,0.19912173,0.10439563,-0.18770711,875.9707,848.1685,851.79486,878.3883,974.2857,0.196777344,0.112854004,0.965454102,0.373840332,2.385101318,1.951446533,1,1,1,1,1,72.52
12:23.5,0.43956846,-0.6985113,-0.23698092,0.47088438,0.5686577,-0.5239662,-0.4113108,0.21671556,0.5966325,-0.4372389,-0.17334607,0.55293006,0.40781793,0.055450894,0.2175924,0.31028515,-0.049051248,0.16361795,0.10316294,-0.19093694,926.337,850.58606,848.5714,926.7399,957.76556,0.199890137,0.112854004,0.967773438,1.278533936,2.377624512,2.340240479,1,1,1,1,1,72.52
12:24.0,0.65574455,-0.57253695,-0.36693713,0.37454498,0.671949,-0.4994905,-0.573882,0.26837564,0.56337905,-0.45942646,-0.16651267,0.5352152,0.34925285,0.10001634,0.18232702,0.26826403,-0.014556236,0.15001258,0.02516506,-0.1342355,840.10986,850.18317,836.4835,832.8571,779.2674,0.194030762,0.11151123,0.969421387,1.09161377,3.207550049,2.093505859,1,1,1,1,1,72.52
12:24.5,0.74704427,-0.6248641,-0.2477409,0.38840243,0.7685785,-0.4086218,-0.28862125,0.2357652,0.8512598,-0.20512038,0.11742398,0.34381464,0.28388304,0.06920351,0.09202352,0.19241297,0.058886204,0.2257304,0.020488702,-0.035778325,762.74725,851.79486,847.76556,773.6264,734.1392,0.200073242,0.112304688,0.966125488,1.502838135,2.228088379,2.228088379,1,1,1,1,1,72.52
12:25.0,0.94852227,-0.5672801,-0.030385131,0.33266023,0.6967454,-0.43263048,-0.21336749,0.06590318,0.84475654,-0.19497263,0.10481605,0.25623104,0.21667214,0.045728404,0.09455046,0.18666722,0.06062643,0.20574725,0.09842968,0.056498736,850.989,840.9158,845.7509,854.61536,916.6667,0.198974609,0.114440918,0.96862793,0.837402344,2.714080811,2.930908203,1,1,1,1,1,72.52
12:25.5,0.89823043,-0.67187464,-0.036622167,0.32259363,0.647077,-0.5007577,-0.19434957,-0.00672567,0.84475654,-0.22151695,0.10953073,0.41346616,0.2002547,0.034707747,0.123619825,0.15995261,0.048635405,0.17201255,0.13919136,0.07574121,934.3956,842.9304,831.6484,932.7839,994.43225,0.19934082,0.113342285,0.966552734,1.099090576,2.033691406,2.272949219,1,1,1,1,1,72.52
12:26.0,0.8103022,-0.62210476,-0.07927159,0.2879386,0.37170744,-0.5320241,-0.40782723,0.001377196,0.60431916,-0.019654434,0.10528222,0.3384541,0.20753594,0.1284404,0.17972393,0.26617837,0.048852514,0.1649051,0.12200382,0.043761525,859.85345,848.97437,849.3773,857.8388,759.5238,0.195678711,0.111999512,0.96685791,0.82244873,2.355194092,2.474822998,1,1,1,1,1,72.52
12:26.5,0.6252631,-0.7851025,-0.22580983,0.17085092,0.38866228,-0.5638776,-0.3278502,0.019191584,0.6175507,-0.042979196,0.018793106,0.39331648,0.15189573,0.09063825,0.18403065,0.29416522,0.07681762,0.19786327,0.13295132,-0.05741441,767.1795,854.61536,853.4066,778.86444,670.07324,0.196289063,0.115112305,0.965209961,0.994415283,2.392578125,2.168273926,1,1,1,1,1,72.52
12:27.1,0.5296397,-0.99170727,-0.09892963,0.12939943,0.33167347,-0.38746879,-0.3194003,0.12579112,0.63327694,-0.04048121,0.03082048,0.5216319,0.22250126,0.028116044,0.24552403,0.2968605,0.048240233,0.19747345,0.13842764,-0.06290765,922.3077,847.3626,842.1245,918.2784,931.978,0.194274902,0.116455078,0.968688965,1.413116455,3.327178955,1.996307373,1,1,1,1,1,72.5
12:27.6,0.60719055,-1.032131,-0.16704115,-0.041164115,0.49769506,-0.52110875,-0.31528255,0.09593382,0.6428225,-0.037335843,-0.06077784,0.52530754,0.24378583,-0.054881535,0.25904235,0.17589837,-0.03562947,0.19058631,0.098129764,-0.09506537,826.0073,840.5128,843.73627,834.4689,742.1978,0.190917969,0.117553711,0.968383789,0.837402344,2.751464844,2.153320313,1,1,1,1,1,72.5
12:28.1,0.3972327,-0.72708416,-0.1826436,-0.076049834,0.40555906,-0.501205,-0.4797991,0.06493645,0.47491983,-0.09552048,-0.068064295,0.52355987,0.24442461,-0.06614906,0.25117716,0.13265073,-0.097087935,0.29954904,0.0678803,-0.051199436,879.19415,861.4652,850.989,888.86444,848.1685,0.192749023,0.118591309,0.968017578,1.114044189,2.317810059,2.80380249,1,1,1,1,1,72.5
12:28.6,0.5136117,-0.5999693,-0.25109684,-0.0252249,0.51398253,-0.72500014,-0.39647186,-0.10983747,0.55302745,-0.08009561,0.014923961,0.35640568,0.24246565,-0.07228175,0.20667697,0.09508533,-0.20267726,0.27088985,0.0910877,-0.12852146,880,859.0476,846.55676,873.5531,992.01465,0.195068359,0.118530273,0.969055176,0.343933105,2.788848877,1.93649292,1,1,1,1,1,72.5
12:29.1,0.501277,-0.52666605,-0.30766013,0.07502175,0.64396226,-0.7489696,-0.38967827,-0.16355196,0.5474925,-0.25384206,-0.044212073,0.3079746,0.23536561,-0.04097404,0.17523369,0.11080525,-0.18065548,0.29982272,0.16827054,-0.09870565,930.7692,850.989,852.6007,923.1135,1008.1319,0.200317383,0.11505127,0.968261719,1.510314941,1.854248047,2.91595459,1,1,1,1,1,72.5
12:29.6,0.5106041,-0.012969091,-0.16043001,0.30861098,0.71812165,-0.52915394,-0.28355366,-0.14124876,0.6344576,-0.20353633,-0.14871243,0.32833448,0.40445367,0.11576153,0.3149729,0.26055324,-0.12616153,0.23901272,0.14283217,-0.0733773,839.707,850.18317,847.3626,850.989,753.8828,0.200317383,0.112976074,0.968017578,0.942077637,2.429962158,2.056121826,1,1,1,1,1,72.5
12:30.1,0.38650087,0.08261742,-0.023091374,0.4315538,0.65034217,-0.4715469,-0.32564634,-0.1154394,0.6064321,-0.13789092,-0.11914068,0.39127532,0.42247623,0.22323605,0.3711304,0.28957704,-0.050737973,0.25773445,0.13352844,-0.027496817,768.7912,851.79486,844.1392,767.1795,702.71063,0.196228027,0.112548828,0.968933105,1.054229736,3.065490723,2.160797119,1,1,1,1,1,72.5
12:30.6,0.53087324,0.09480753,0.038604114,0.46686444,0.49274442,-0.44902337,-0.38975695,-0.041886974,0.6327181,-0.14001673,-0.12174176,0.28262603,0.42348826,0.18521552,0.33283588,0.30145103,-0.016217634,0.23235542,0.11048956,-0.030823588,863.0769,848.97437,842.9304,852.1978,931.5751,0.198181152,0.11315918,0.967224121,1.226196289,2.444915771,2.175750732,1,1,1,1,1,72.5
12:31.1,0.4865697,-0.12725294,-0.11418424,0.31209123,0.30505517,-0.475379,-0.61118525,-0.0741582,0.6061359,-0.2765756,-0.14288555,0.27360985,0.28970346,0.15342003,0.24706508,0.16155654,0.028783767,0.2813067,0.17354979,-0.028316157,934.7985,849.3773,850.18317,937.2161,993.6264,0.194335938,0.11529541,0.968200684,1.293487549,2.302856445,2.287902832,1,1,1,1,1,72.5
12:31.7,0.55076927,-0.24742064,-0.43928424,0.09083931,0.3269289,-0.47169074,-0.7415443,-0.16446902,0.58568525,-0.2740064,-0.1638955,0.10376805,0.23793125,0.02327527,0.216029,0.11253825,0.05559139,0.3514258,0.1880455,-0.013105596,786.52014,848.5714,844.1392,776.4469,752.27106,0.197143555,0.115661621,0.969360352,1.502838135,2.063598633,2.302856445,1,1,1,1,1,72.5
12:32.2,0.48684114,-0.30148157,-0.57499284,0.2076958,0.21138299,-0.35832676,-0.66797155,-0.1255636,0.4708258,-0.18530343,-0.31079876,0.1842762,0.27646294,0.07919391,0.25858754,0.12716722,0.08461751,0.3448841,0.16700315,0.002820707,893.2967,856.63007,849.7802,894.5055,998.86444,0.194641113,0.116821289,0.967834473,0.88973999,2.714080811,2.594451904,1,1,1,1,1,72.5
12:32.7,0.66380084,-0.22971547,-0.37303895,0.5973356,0.32402578,-0.29789925,-0.32619077,-0.038161147,0.44135067,-0.00906122,-0.23884828,0.27879974,0.31552568,0.06370564,0.2375642,0.13904865,-0.004651989,0.27496904,0.17330132,-0.011588939,947.6923,856.2271,851.39197,944.0659,960.58606,0.191650391,0.113647461,0.971618652,0.837402344,2.84866333,2.115936279,1,1,1,1,1,72.5
12:33.2,0.7520878,-0.13201395,-0.1366033,0.6435543,0.5279408,-0.3144829,-0.2854584,0.10075496,0.5721556,-0.009243008,-0.22753546,0.34223762,0.34848616,0.14034532,0.18817817,0.21440205,-0.035094958,0.18398434,0.1286808,-0.030875903,833.2601,857.8388,847.76556,840.9158,737.76556,0.190856934,0.113037109,0.968933105,1.00189209,2.684173584,2.355194092,1,1,1,1,1,72.5
12:33.7,0.6810428,-0.061934642,-0.13917035,0.5952111,0.4790793,-0.3196707,-0.28354684,-0.022103228,0.5796335,-0.009243008,0.01937631,0.38833466,0.35455683,0.15765953,0.2439327,0.3048995,-0.08295659,0.20276485,0.1618138,-0.05807487,761.9414,849.3773,855.82416,771.6117,706.337,0.19934082,0.113525391,0.967224121,1.256103516,1.973876953,2.340240479,1,1,1,1,1,72.5
12:34.2,0.56784964,-0.1631311,-0.2543583,0.18217202,0.53808504,-0.4411999,-0.4010206,0.003350586,0.5796335,-0.2955249,0.006975035,0.41253123,0.304983,0.14357653,0.25552905,0.30363336,-0.053731505,0.24674942,0.08510945,-0.04962614,855.42126,863.47986,844.94507,852.6007,902.96704,0.190795898,0.111938477,0.969787598,0.964508057,2.572021484,2.415008545,1,1,1,1,1,72.5
12:34.7,0.5901912,-0.30668455,-0.4381462,0.060020212,0.47834647,-0.4678181,-0.21393438,-0.007009979,0.69275606,-0.23641098,0.048546802,0.39704406,0.30712542,0.12529764,0.33329114,0.34616423,-0.004658832,0.29612306,0.10342305,-0.00177886,934.7985,846.9597,846.55676,929.15753,1043.1868,0.192993164,0.114013672,0.968383789,1.420593262,2.729034424,2.347717285,1,1,1,1,1,72.5
12:35.2,0.72287637,-0.392613,-0.3764182,-0.10455981,0.6013321,-0.6154223,-0.2510023,0.053521816,0.7503987,-0.23641098,-0.044714335,0.27464113,0.29180178,0.15327969,0.32884663,0.31266433,0.112422876,0.35448727,0.11109125,0.08262501,873.95605,849.7802,839.707,873.95605,840.9158,0.19354248,0.115966797,0.96887207,1.405639648,2.415008545,2.534637451,1,1,1,1,1,72.5
12:35.7,0.7878147,-0.46241713,-0.38943076,-0.12439204,0.618009,-0.60677516,-0.3164873,-0.08012453,0.7623451,-0.25869167,-0.045659266,0.19974409,0.35389653,0.19915591,0.34021103,0.29600996,0.1422509,0.37831697,0.21704616,0.09792868,784.10254,855.0183,848.1685,789.34064,697.47253,0.194702148,0.116638184,0.968505859,0.381317139,2.714080811,1.996307373,1,1,1,1,1,72.5
12:36.2,0.7463302,-0.48705938,-0.3045509,-0.06571381,0.5529665,-0.63894254,-0.42764536,-0.18407635,0.7495549,-0.33758223,-0.11404025,0.14641276,0.3538801,0.20991647,0.3007255,0.20367318,0.122723565,0.3681039,0.2668208,0.084570296,938.8278,852.1978,837.28937,936.4103,1007.326,0.191040039,0.114196777,0.969421387,0.84487915,2.444915771,2.272949219,1,1,1,1,1,72.5
12:36.8,0.6236337,-0.4912668,-0.32676327,-0.032237872,0.46578085,-0.6069391,-0.31941706,-0.09193318,0.5795382,-0.3440317,-0.21338446,0.040054776,0.39070526,0.15318927,0.28411952,0.105353534,0.059203416,0.40085378,0.34638742,0.09627085,865.89746,854.61536,857.4359,875.16486,820.3663,0.194458008,0.11529541,0.965270996,1.166381836,2.609405518,2.123413086,1,1,1,1,1,72.5
12:37.3,0.5147642,-0.5051816,-0.21614717,0.030844606,0.4022847,-0.65139437,-0.26509216,0.03881928,0.49724156,-0.38093072,-0.13069418,0.03595895,0.43294615,0.15402666,0.2892232,0.22235402,0.027165778,0.4040326,0.34862754,0.12634596,755.89746,859.0476,848.5714,764.35895,675.31134,0.202209473,0.118225098,0.970153809,1.383209229,2.362670898,2.82623291,1,1,1,1,1,72.47
12:37.8,0.65579844,-0.5053323,-0.001641939,0.12983254,0.44352305,-0.3761144,-0.24479462,0.12934501,0.5110358,-0.0530249,-0.1270517,0.2269002,0.4297098,0.13957593,0.24184512,0.23709287,0.02377768,0.36917558,0.34258458,0.12074884,800.6227,842.1245,849.3773,811.0989,807.0696,0.191894531,0.113342285,0.969970703,1.04675293,2.98324585,1.809387207,1,1,1,1,1,72.47
12:38.3,0.8103167,-0.5359068,0.070880435,0.26786593,0.52804714,-0.33385465,-0.156262,0.124849476,0.5550406,-0.026869835,-0.10537154,0.2787627,0.39129397,0.15494019,0.16596636,0.250586,-0.003978462,0.24258836,0.3024658,0.061534926,931.1722,845.34796,838.49817,905.38464,1050.4396,0.187316895,0.112060547,0.97088623,1.114044189,2.138366699,2.257995605,1,1,1,1,1,72.47
12:38.8,0.8607766,-0.44078103,0.065943904,0.25378862,0.51051813,-0.382037,-0.2481474,0.1041056,0.5297128,0.033814956,0.02146613,0.27442506,0.3361133,0.22387636,0.08176206,0.22250083,0.031426273,0.21300548,0.26463205,0.031357575,921.9048,855.82416,850.18317,923.5165,971.4652,0.189697266,0.115356445,0.967163086,1.031799316,2.609405518,1.697235107,1,1,1,1,1,72.47
12:39.3,0.7978883,-0.2986568,-0.09577179,0.19382712,0.3821939,-0.688925,-0.52208763,0.018546624,0.4730416,-0.01917097,0.18259405,0.20976634,0.2989738,0.27625784,0.08381391,0.21559891,0.101155855,0.3565422,0.22871308,0.1305881,819.15753,851.39197,847.76556,831.6484,690.2198,0.18963623,0.115356445,0.970397949,1.121520996,2.811279297,2.340240479,1,1,1,1,1,72.47
12:39.8,0.6934726,-0.30657694,-0.21185233,0.15168822,0.24920715,-0.768116,-0.48824328,-0.072364315,0.267466,-0.09926615,0.22944632,0.20665215,0.37061197,0.2522699,0.215259,0.27817753,0.18180883,0.48291293,0.24243689,0.193243,757.1062,850.989,840.5128,770.80585,714.7985,0.18951416,0.114135742,0.96875,0.785064697,2.631835938,2.071075439,1,1,1,1,1,72.47
12:40.4,0.6355895,-0.4947063,-0.37593055,0.18279046,0.116939336,-0.6831016,-0.43955496,-0.06377225,0.41599342,-0.1604981,0.22422227,0.25436598,0.3681605,0.15606187,0.30894515,0.25887623,0.16892385,0.5161907,0.36761364,0.19093506,848.5714,850.989,842.9304,847.3626,906.1905,0.185302734,0.112854004,0.969848633,0.777587891,2.557067871,2.392578125,1,1,1,1,1,72.47
12:40.9,0.47052404,-0.72004247,-0.667191,0.20466098,0.12309726,-0.7814513,-0.43326238,-0.11433071,0.46949193,-0.30969155,-0.016535167,0.29985508,0.39058438,0.12123045,0.37970728,0.23053512,0.14229318,0.47525367,0.42782393,0.18371059,930.7692,855.82416,850.18317,933.1868,990,0.191345215,0.114074707,0.965820313,0.97946167,2.773895264,2.115936279,1,1,1,1,1,72.47
12:41.4,0.4204527,-0.78177017,-0.62470573,0.20852943,0.18351491,-0.7618889,-0.65904164,-0.17039119,0.4709289,-0.23441279,-0.2598556,0.29150295,0.3600956,0.0982431,0.39516607,0.14720099,0.09060912,0.44003895,0.43418428,0.18242362,893.2967,848.97437,846.1539,890.87915,857.03296,0.186096191,0.111694336,0.971252441,1.300964355,2.863616943,1.906585693,1,1,1,1,1,72.47
12:41.9,0.47009528,-0.6023602,-0.51132023,0.268208,0.3103254,-0.66409343,-0.59893215,-0.18326887,0.40212944,-0.24286179,-0.3077472,0.17296998,0.35052124,0.07858199,0.3488484,0.064721934,0.07242731,0.3697038,0.32183397,0.14095254,803.44324,850.18317,839.707,808.2784,697.0696,0.184997559,0.115112305,0.96875,1.188812256,2.89352417,2.071075439,1,1,1,1,1,72.47
12:42.4,0.51067626,-0.5277152,-0.4934469,0.23084483,0.33790177,-0.49682838,-0.5905689,0.00403951,0.43538374,-0.20801872,-0.29192102,0.15413229,0.35286102,0.1108541,0.32239333,0.20616822,0.18763725,0.4690675,0.31904155,0.1896256,782.49084,847.76556,833.2601,774.43225,788.1319,0.185058594,0.113952637,0.972045898,0.762634277,2.91595459,1.831817627,1,1,1,1,1,72.47
12:42.9,0.5025468,-0.45242947,-0.4357245,0.18506114,0.20303877,-0.5224217,-0.6055414,0.043529056,0.40625912,-0.3611589,-0.04653557,0.36537728,0.3176693,0.09265008,0.30299735,0.27093235,0.16539724,0.47224364,0.2823322,0.1708204,909.81683,853.4066,849.3773,908.60803,916.26373,0.190185547,0.114562988,0.968933105,1.241149902,2.415008545,2.579498291,1,1,1,1,1,72.47
12:43.4,0.3815952,-0.527257,-0.25348023,0.097181864,0.12556472,-0.56159616,-0.555821,0.030929448,0.41511455,-0.31964368,-0.019444967,0.5881363,0.31240034,0.11584946,0.35588875,0.26747617,0.12819634,0.4551979,0.33698934,0.17186385,935.6044,854.61536,847.3626,936.4103,1012.96704,0.187194824,0.115356445,0.969970703,0.777587891,2.833709717,2.056121826,1,1,1,1,1,72.47
12:43.9,0.2194376,-0.5861626,-0.26080412,-0.10693077,0.16588514,-0.6189855,-0.48540497,-0.23606001,0.5692864,-0.18374017,-0.022316046,0.6514931,0.34033203,0.060869258,0.37416545,0.29178855,-0.02528135,0.3630268,0.3427532,0.09181575,875.9707,853.00366,847.76556,883.22345,810.696,0.187988281,0.114929199,0.968811035,0.964508057,2.586975098,2.115936279,1,1,1,1,1,72.47
12:44.4,0.16657832,-0.59641016,-0.34587264,-0.32776576,0.21129146,-0.5806898,-0.5736743,-0.27943096,0.5759089,-0.15011565,-0.0980315,0.5913437,0.30441335,0.09409703,0.32718113,0.27961403,-0.003959075,0.29018337,0.3613825,0.06896969,778.86444,856.2271,846.1539,782.8938,673.69965,0.184692383,0.113708496,0.972595215,0.859832764,2.886047363,1.95892334,1,1,1,1,1,72.47
12:45.0,0.34442398,-0.734424,-0.3240936,-0.45991784,0.44564626,-0.55425125,-0.6575507,-0.105847895,0.70526135,-0.1246768,-0.1427684,0.55510175,0.36958036,0.12473599,0.28715098,0.41393337,0.08950547,0.33086494,0.3552287,0.090956755,940.84247,852.6007,863.8828,933.9927,1046.0073,0.18347168,0.112365723,0.969665527,1.106567383,2.788848877,2.235565186,1,1,1,1,1,72.47
12:45.5,0.51390755,-0.8857053,-0.18365368,-0.23000464,0.46387118,-0.6617999,-0.47749725,0.03606056,0.6556243,-0.23624282,-0.22469763,0.403928,0.37981513,0.27987173,0.33237234,0.4005788,0.11373294,0.2804825,0.2882072,0.043459967,893.69965,845.34796,842.1245,899.34064,897.72894,0.192565918,0.114807129,0.967956543,1.054229736,2.115936279,2.340240479,1,1,1,1,1,72.47
12:46.0,0.8186202,-1.0041413,-0.16987397,0.001365841,0.48176998,-0.6318303,-0.49874523,0.14733338,0.65501606,-0.2553416,-0.13892673,0.4720201,0.42363462,0.3077708,0.34002188,0.38850272,0.056355968,0.2160032,0.23755291,-0.045257058,803.8461,853.8095,842.52747,811.0989,722.8571,0.189758301,0.113769531,0.970031738,0.84487915,2.923431396,2.287902832,1,1,1,1,1,72.47
12:46.5,0.92465943,-0.62967074,-0.35500705,0.40023583,0.2635541,-0.6700665,-0.4636394,0.1158407,0.44016987,-0.19943473,-0.12630819,0.42434144,0.50463396,0.37894273,0.4193507,0.405146,0.054564856,0.19009492,0.20662244,-0.042211585,766.77655,844.5421,839.707,772.8205,695.05493,0.190124512,0.113525391,0.968261719,0.740203857,2.624359131,2.317810059,1,1,1,1,1,72.47
12:47.0,0.9052149,-0.32413042,-0.24934487,0.55691487,0.27677938,-0.35064617,-0.23755307,0.12880278,0.37698302,-0.08178423,-0.029164687,0.45729503,0.48292387,0.34305778,0.42076564,0.42473915,0.09718262,0.2924691,0.2442021,-0.041247074,861.8681,854.61536,853.4066,850.18317,930.7692,0.185424805,0.112182617,0.967956543,0.792541504,2.385101318,2.467346191,1,1,1,1,1,72.45
12:47.5,0.72589546,-0.29528567,-0.19902872,0.5845628,0.31743672,-0.3437,-0.19847909,-0.041835975,0.4364244,-0.089759834,-0.06377011,0.5116112,0.48509195,0.36008912,0.4364133,0.43650934,0.1559433,0.38055798,0.32159847,0.000249,822.7839,850.18317,845.34796,835.6777,761.9414,0.188598633,0.11328125,0.967895508,1.166381836,3.200073242,2.175750732,1,1,1,1,1,72.45
12:48.0,0.56909555,-0.37417573,-0.07594078,0.48053166,0.38577336,-0.3903463,-0.16706838,-0.13145037,0.4759124,-0.089759834,-0.03365271,0.54661506,0.36381528,0.34144133,0.3782717,0.33489785,0.14210363,0.43291494,0.36450505,0.031314436,922.71063,846.9597,845.34796,918.68134,911.4286,0.187133789,0.111877441,0.969421387,1.114044189,2.945861816,2.160797119,1,1,1,1,1,72.45
12:48.5,0.6102064,-0.57612723,-0.21504727,0.4131213,0.33065477,-0.5204016,-0.55555403,-0.2164652,0.49423915,-0.33625856,-0.19020799,0.510774,0.3661765,0.3620012,0.2544751,0.1931813,0.23152153,0.51540446,0.4385304,0.15246011,824.7985,877.1795,859.45056,814.3223,830.84247,0.182678223,0.113708496,0.970092773,1.420593262,2.743988037,2.295379639,1,1,1,1,1,72.45
12:49.0,0.6591138,-0.52785325,-0.06661265,0.35193753,0.30998233,-0.47895133,-0.5445591,-0.007078596,0.51412755,-0.26992413,-0.19730948,0.45899194,0.41832078,0.36306033,0.23970486,0.18865265,0.22436962,0.5541512,0.40295175,0.17516446,884.43225,844.1392,842.9304,878.7912,999.2674,0.182250977,0.114868164,0.969970703,0.583190918,2.489776611,2.228088379,1,1,1,1,1,72.45
12:49.5,0.61842865,-0.53780323,-0.04657377,0.2544416,0.26963863,-0.415714,-0.54573774,0.1270897,0.5404623,-0.25142938,-0.26681027,0.26154032,0.44527382,0.31734383,0.22502545,0.20030251,0.20834461,0.54016554,0.38001263,0.15788388,939.6337,854.61536,845.7509,938.022,997.6557,0.185668945,0.113586426,0.96887207,1.196289063,2.183227539,2.257995605,1,1,1,1,1,72.45
12:50.0,0.47312552,-0.6340468,-0.05654341,0.061956454,0.29436576,-0.5760992,-0.51389635,0.13913472,0.6111828,-0.210355,-0.25879425,0.388414,0.4315817,0.296236,0.32136244,0.30819726,0.11289977,0.45133787,0.33936238,0.06360128,884.83514,847.76556,847.76556,881.6117,824.7985,0.182495117,0.113342285,0.967712402,1.256103516,2.362670898,2.631835938,1,1,1,1,1,72.45
12:50.6,0.22348154,-0.69704854,-0.28480566,-0.02932553,0.2982972,-0.7538701,-0.60609424,0.03780808,0.64286,-0.21873689,-0.39000323,0.44562864,0.38067693,0.2785444,0.3543816,0.33213323,0.13484061,0.3784097,0.32792738,0.04839586,842.1245,853.8095,844.1392,836.8865,855.42126,0.182373047,0.113708496,0.970275879,0.882263184,2.729034424,1.884155273,1,1,1,1,1,72.45
12:51.1,0.08245104,-0.7136765,-0.46609035,-0.005163944,0.31298342,-0.7151032,-0.7078103,-0.1431168,0.63936836,-0.23946962,-0.2918546,0.45522502,0.3505997,0.20714216,0.33310312,0.3254037,0.1311819,0.2958361,0.29147792,0.06501309,752.674,849.3773,839.304,763.1502,702.71063,0.176025391,0.112731934,0.971923828,0.702819824,3.357086182,1.929016113,1,1,1,1,1,72.45
12:51.6,0.6326897,-0.7221766,-0.4819283,0.34113577,0.31261155,-0.6688406,-0.6244663,-0.20001762,0.49494672,-0.2780185,0.005073765,0.32632223,0.39118096,0.10995359,0.30426627,0.33537138,0.12509197,0.23888804,0.19443014,0.10158672,851.79486,849.3773,841.7216,842.52747,894.10254,0.168151855,0.111999512,0.975524902,1.188812256,2.714080811,2.272949219,1,1,1,1,1,72.45
12:52.1,0.91197586,-0.7783697,-0.40404812,0.5025256,0.2539554,-0.6322157,-0.5420206,-0.06640405,0.6164928,-0.23256017,0.05930865,0.3641789,0.36309278,0.18547373,0.35383868,0.31037992,0.11463928,0.33140224,0.23907445,0.14848614,848.97437,843.3333,834.87177,850.58606,802.6374,0.180725098,0.118103027,0.970275879,1.413116455,1.697235107,2.654266357,1,1,1,1,1,72.45
12:52.6,1.0449989,-0.84528303,-0.29565093,0.4767792,0.26749676,-0.7866793,-0.5624951,0.1104265,0.62397146,-0.21179274,0.093460254,0.36527237,0.3191715,0.23203127,0.44700986,0.3277242,0.13214867,0.35625097,0.31372407,0.1512251,875.16486,854.61536,854.21246,873.1502,936.8132,0.179443359,0.114685059,0.971557617,0.762634277,2.699127197,2.0262146,1,1,1,1,1,72.45
12:53.1,1.090278,-0.047595337,0.15706438,0.4485747,0.5498078,-0.39138755,-0.49872708,0.28213722,0.7245608,0.2562584,-0.028960388,0.51160246,0.343185,0.23991054,0.48967624,0.3336705,0.04235934,0.39920622,0.34165883,0.13703032,775.64105,852.6007,846.1539,774.83514,774.43225,0.182189941,0.114013672,0.968933105,1.241149902,2.601928711,1.973876953,1,1,1,1,1,72.45
12:53.6,1.0817795,0.34961754,0.4411214,0.69550925,0.73920435,-0.008003011,-0.13897635,0.4199224,0.72904336,0.28116935,0.077473566,0.75853807,0.43701476,0.13729852,0.4475079,0.40663615,0.0404926,0.38144982,0.30569953,0.05548636,789.34064,858.24176,844.1392,788.5348,674.10254,0.179382324,0.112731934,0.969909668,1.136474609,2.80380249,2.452392578,1,1,1,1,1,72.45
12:54.1,1.0572011,0.3612274,0.4853091,0.7804208,0.7667601,0.028409638,-0.12792732,0.43750927,0.6885008,0.28125614,0.05947899,0.7865809,0.50239414,0.12120998,0.38060224,0.38598138,0.117312685,0.45556882,0.35123667,0.09910971,938.022,844.5421,842.52747,921.50183,1024.249,0.183349609,0.114074707,0.971069336,1.263580322,2.295379639,1.988830566,1,1,1,1,1,72.45
12:54.6,0.9587015,0.25043476,0.3562967,0.80067545,0.64064056,0.020778365,-0.14625351,0.3508398,0.80324477,0.25146607,0.06906141,0.7864728,0.57230633,0.16911177,0.32859635,0.33056107,0.1929038,0.44683984,0.3095924,0.101183906,911.02563,846.55676,838.49817,905.78754,885.2381,0.172729492,0.114074707,0.972839355,1.383209229,2.564544678,2.093505859,1,1,1,1,1,72.45
12:55.1,0.7855146,-0.30698085,-0.05891561,0.62653124,0.41113424,-0.25287703,-0.5111548,0.11313125,0.8284585,-0.20095631,-0.2518548,0.46217847,0.4808592,0.19340079,0.31674826,0.2397389,0.14499684,0.3337549,0.29358724,0.1228212,830.4396,844.1392,843.3333,828.8278,764.35895,0.175720215,0.113891602,0.97052002,0.949554443,2.818756104,2.011260986,1,1,1,1,1,72.45
12:55.7,0.66901666,-0.36403143,-0.34825027,0.48846474,0.37548268,-0.30983254,-0.572931,-0.029997988,0.8563511,-0.19495723,-0.28730226,0.32914886,0.39626238,0.19177338,0.37615457,0.2635325,0.07981276,0.18046233,0.14594853,0.058091253,895.31134,847.76556,842.1245,893.2967,1011.3553,0.175354004,0.115661621,0.97088623,0.814971924,2.108459473,1.749572754,1,1,1,1,1,72.45
12:56.2,0.41067985,-0.6756627,-0.46993056,0.20743528,0.32168326,-0.5926603,-0.7199114,-0.08780893,0.8276857,-0.19125827,-0.5329362,0.25620785,0.24141125,0.18343756,0.41482413,0.320996,0.020846939,0.17017555,0.17933464,-0.002752748,929.15753,846.9597,844.94507,928.3516,1018.60803,0.184692383,0.119445801,0.971618652,1.151428223,2.347717285,0.785064697,1,1,1,1,1,72.45
12:56.7,0.29472888,-0.4978154,-0.2861991,-0.2238862,0.40317586,-0.5133791,-0.76800025,-0.014569367,0.7342842,-0.29667592,-0.17178051,0.3665428,0.31248277,0.19604191,0.37843663,0.37502208,0.05166546,0.2095502,0.25649476,-0.080574326,880,846.1539,848.1685,884.83514,813.1135,0.179443359,0.11730957,0.972900391,1.196289063,2.818756104,2.474822998,1,1,1,1,1,72.45
12:57.2,0.23362763,-0.31231216,-0.02627735,-0.0472453,0.355153,-0.3976229,-0.60085493,0.044114124,0.60691386,-0.27688584,-0.16944158,0.2880798,0.41359076,0.25279096,0.33209223,0.3659721,0.032520667,0.35392648,0.27194095,-0.073555425,791.3553,846.9597,851.79486,803.8461,690.6227,0.17590332,0.117126465,0.971740723,0.986938477,2.362670898,2.355194092,1,1,1,1,1,72.44
12:57.7,0.25539604,-0.24013795,-0.034642145,-0.06015394,0.4247377,-0.38984933,-0.59377587,0.1125251,0.5610385,-0.28843436,-0.16944158,0.30185223,0.40191987,0.27865133,0.3030012,0.24670102,0.07035015,0.35187376,0.27675128,0.008273034,775.64105,854.61536,859.45056,782.0879,699.89014,0.172973633,0.113525391,0.969421387,0.687866211,3.200073242,1.973876953,1,1,1,1,1,72.44
12:58.2,0.24449798,-0.3966529,0.005712217,0.031286795,0.54515314,-0.57146436,-0.53029364,0.13759555,0.64519644,-0.27202857,-0.27745217,0.3819876,0.3561678,0.30826524,0.4184575,0.18590674,0.15631442,0.396995,0.21678728,0.10326582,865.4945,850.18317,838.9011,852.6007,956.9597,0.168518066,0.111450195,0.971557617,1.151428223,2.586975098,2.265472412,1,1,1,1,1,72.44
12:58.7,0.35274425,-0.47733444,-0.19803359,0.002500423,0.50927854,-0.61064476,-0.41969475,0.1919941,0.6164282,-0.24508473,-0.16214661,0.3341621,0.3146112,0.3877202,0.50605094,0.19713935,0.20578182,0.41853622,0.28610817,0.13932201,842.1245,849.7802,843.3333,843.73627,763.1502,0.17779541,0.116210938,0.971862793,1.300964355,2.041168213,2.295379639,1,1,1,1,1,72.44
12:59.2,0.45457816,-0.44087327,-0.2628986,0.055358548,0.44628406,-0.49625024,-0.39198315,0.29424444,0.6634884,-0.23610227,-0.16691993,0.3756656,0.3259096,0.40901956,0.623995,0.26914084,0.2370863,0.50386584,0.39374477,0.14100312,918.2784,863.47986,850.58606,920.696,896.1172,0.177734375,0.115539551,0.972106934,0.672912598,2.721557617,1.77947998,1,1,1,1,1,72.44
12:59.8,0.6363046,-0.42369473,-0.51331407,-0.010391244,0.5427247,-0.4797989,-0.42968687,0.25107864,0.6038818,-0.20851211,-0.122891925,0.32490045,0.3819863,0.35909986,0.58435804,0.23476468,0.18301949,0.528567,0.4381767,0.12628038,829.6337,850.58606,839.707,819.15753,734.1392,0.17791748,0.114440918,0.970947266,0.86730957,2.527160645,2.287902832,1,1,1,1,1,72.44
13:00.3,0.56575537,-0.5341284,-0.35721332,-0.119708136,0.5407991,-0.58463484,-0.6220008,0.10609984,0.61338085,-0.19646195,-0.2695565,0.39069852,0.43913943,0.18644744,0.49926934,0.25548849,0.11535807,0.46179903,0.46163926,0.07611582,780.07324,850.989,842.1245,778.86444,690.2198,0.177978516,0.113586426,0.97064209,1.368255615,1.988830566,2.280426025,1,1,1,1,1,72.44
13:00.8,0.59942037,-0.6347186,-0.29863518,-0.22856519,0.52779186,-0.7087404,-0.5867476,-0.057116676,0.6319172,-0.33522645,-0.25465056,0.3996924,0.44849083,0.18320365,0.3201042,0.36160547,0.040822364,0.36894104,0.4289398,0.030101057,825.6044,849.3773,849.3773,823.5897,834.0659,0.176330566,0.115539551,0.969177246,0.942077637,2.624359131,2.153320313,1,1,1,1,1,72.44
13:01.3,0.581484,-0.5869369,-0.2646984,0.061775073,0.32600257,-0.62655574,-0.696927,-0.054092288,0.51536584,-0.4835432,-0.3437377,0.41951635,0.36671135,0.33554402,0.2990557,0.37951443,0.047474165,0.29421008,0.38208428,-0.008369786,915.05493,844.94507,838.49817,900.54944,986.3736,0.176696777,0.114318848,0.971130371,1.233673096,2.557067871,2.160797119,1,1,1,1,1,72.44
13:01.8,0.6730844,-0.5131926,-0.31133336,0.14176342,0.43714058,-0.62774175,-0.75253326,0.06435738,0.55544794,-0.22581452,-0.16527921,0.69005734,0.3291735,0.44530356,0.30910298,0.40010038,0.012019918,0.3397821,0.30049,-0.022786181,797.3993,855.82416,844.1392,791.3553,722.0513,0.173583984,0.114624023,0.972717285,1.390686035,2.385101318,2.250518799,1,1,1,1,1,72.44
13:02.3,0.7455757,-0.5177884,-0.27288565,0.25962377,0.38556114,-0.44534385,-0.6120881,0.027270991,0.57161045,0.027968766,0.07872389,0.6840485,0.27113754,0.42126796,0.35394874,0.30299935,0.15420543,0.43697315,0.24987695,0.09200258,794.57874,855.0183,843.73627,810.293,798.60803,0.180236816,0.116149902,0.971740723,0.613098145,2.295379639,2.213134766,1,1,1,1,1,72.44
13:02.8,0.7101004,-0.6012968,-0.2515795,0.2414398,0.23859191,-0.41004655,-0.45487916,-0.09964304,0.60712117,0.064915426,0.11688161,0.67682064,0.22588296,0.30490756,0.339334,0.2723135,0.18907538,0.52217877,0.26822153,0.14838216,897.72894,853.00366,856.63007,896.52014,1005.31134,0.177368164,0.113952637,0.970031738,0.904693604,2.108459473,2.280426025,1,1,1,1,1,72.44
13:03.3,0.62128675,-0.60656,-0.14189631,0.23108973,0.13795814,-0.40048096,-0.31446302,-0.33885983,0.57538235,0.06455576,0.1638703,0.5980934,0.21194598,0.15755458,0.36426374,0.268327,0.24685642,0.50246733,0.31505552,0.22628653,941.2454,852.6007,848.1685,932.7839,975.4945,0.181152344,0.116394043,0.968688965,1.166381836,2.160797119,2.347717285,1,1,1,1,1,72.44
13:03.8,0.5024116,-0.6932889,-0.10971482,0.27952492,0.17131369,-0.5470616,-0.26932648,-0.26134238,0.65765953,0.06259868,0.13114713,0.4693226,0.36417022,0.2293001,0.4228838,0.4335319,0.15554494,0.4503602,0.39624512,0.21259789,860.2564,853.4066,848.1685,874.7619,747.8388,0.173095703,0.113525391,0.970703125,0.84487915,3.028106689,2.257995605,1,1,1,1,1,72.44
13:04.4,0.5022747,-0.6026806,-0.0722035,0.2310379,0.16241623,-0.66021913,-0.27969733,-0.04294091,0.65592337,-0.27516082,0.018560322,0.5071122,0.46046558,0.30299237,0.4870217,0.5172609,0.12804502,0.37084013,0.4354534,0.23712775,784.10254,849.7802,841.7216,784.90845,725.6777,0.16796875,0.11328125,0.972290039,1.061706543,2.945861816,2.0262146,1,1,1,1,1,72.44
13:04.9,0.69207096,-0.57872754,-0.19440442,0.22364694,0.21886645,-0.60562146,-0.41292763,0.106522165,0.66460633,-0.24373755,-0.000972,0.7454991,0.44097248,0.38313946,0.49206328,0.5033691,0.09290873,0.4575959,0.46076572,0.18294546,811.50183,863.47986,851.79486,815.9341,835.2747,0.173583984,0.116333008,0.969848633,0.82244873,2.332763672,2.317810059,1,1,1,1,1,72.44
13:05.4,0.7242035,-0.44841698,-0.26177832,0.08813327,0.3149889,-0.5557245,-0.41220072,0.138563,0.68336964,0.083511814,0.08021153,0.8038065,0.36872038,0.38012612,0.45184973,0.40140828,0.08264687,0.48815796,0.44172174,0.1146939,893.2967,844.5421,847.3626,891.28204,1002.49084,0.17956543,0.115356445,0.970153809,1.271057129,2.213134766,2.400054932,1,1,1,1,1,72.44
13:05.9,0.6270378,0.007544427,-0.2669926,-0.012229957,0.4148902,-0.34024528,-0.17723505,0.124722525,0.67609674,0.36249983,0.2653139,0.7441177,0.3441768,0.40990287,0.41461745,0.31971112,0.078943126,0.46325505,0.4057117,0.047108904,923.5165,855.0183,845.7509,925.9341,966.2271,0.178955078,0.116394043,0.971923828,0.949554443,2.542114258,2.325286865,1,1,1,1,1,72.44
13:06.4,0.6013554,0.03267446,-0.2599222,0.2605968,0.3822042,-0.2633601,-0.16178487,0.09398197,0.6140586,0.36249983,0.251594,0.7114767,0.36224252,0.41689354,0.42576432,0.24966787,0.022494368,0.377393,0.3040737,0.017021185,836.4835,852.1978,852.1978,849.3773,772.01465,0.177246094,0.11315918,0.97064209,0.613098145,2.863616943,1.876678467,1,1,1,1,1,72.44
13:06.9,0.6750618,0.049241632,-0.20725682,0.3927211,0.4411138,-0.28784642,-0.2450575,0.04853458,0.55298865,0.34590074,0.27486214,0.53469443,0.3213069,0.3712683,0.40643916,0.2162565,0.028153617,0.35749823,0.27617434,0.03453459,771.6117,845.34796,842.1245,782.49084,643.0769,0.166687012,0.113647461,0.968383789,0.777587891,3.603820801,1.9140625,1,1,1,1,1,72.41
13:07.4,0.75500774,-0.32668287,-0.33694497,0.50634867,0.47768238,-0.53969663,-0.6363307,0.013987367,0.3552739,-0.10791644,-0.110920735,0.43108416,0.29285505,0.2715398,0.44788557,0.16407073,0.05035865,0.40161306,0.26745245,0.012703082,815.12823,857.03296,847.3626,812.71063,835.2747,0.165588379,0.112426758,0.972900391,1.211242676,2.676696777,2.265472412,1,1,1,1,1,72.41
13:08.0,0.8500516,-0.34688392,-0.3451927,0.48637548,0.5254838,-0.7924839,-0.34998292,0.04511422,0.5739353,-0.12595043,-0.013436108,0.3822057,0.3333561,0.154701,0.41772974,0.18226345,0.10965081,0.43866912,0.31943816,0.033629984,902.1612,848.5714,846.9597,895.7143,1010.14655,0.17590332,0.118652344,0.970825195,1.181335449,2.138366699,2.482299805,1,1,1,1,1,72.41
13:08.5,0.9307134,-0.42499986,-0.46539834,0.38640994,0.46918347,-0.6795141,-0.26062518,0.06717504,0.59389746,-0.24248648,-0.026489295,0.2769336,0.31552795,0.17476559,0.4129067,0.1684885,0.07393775,0.45136556,0.2288492,-0.024530979,934.7985,861.4652,850.58606,930.7692,981.9414,0.174377441,0.114562988,0.973083496,0.792541504,2.729034424,2.0262146,1,1,1,1,1,72.41
13:09.0,0.97359216,-0.49260628,-0.36748502,0.23588791,0.4713905,-0.6854906,-0.25624102,0.07348091,0.58706427,-0.3457597,-0.06928978,0.25912938,0.3202571,0.2758676,0.3404181,0.24464443,0.046572015,0.52761847,0.2501295,0.03673671,851.39197,859.0476,844.1392,842.9304,755.89746,0.177246094,0.115905762,0.967651367,1.286010742,2.385101318,2.624359131,1,1,1,1,1,72.41
13:09.5,0.84130883,-0.4769429,-0.4487775,0.024589058,0.3993695,-0.6442106,-0.4773959,0.043667544,0.608401,-0.39040798,-0.08940982,0.22454254,0.38459194,0.31978256,0.384755,0.2904806,0.10680632,0.52151716,0.2549382,0.09142368,760.7326,847.3626,836.08057,767.1795,649.5238,0.176757813,0.115356445,0.970947266,0.859832764,2.818756104,2.190704346,1,1,1,1,1,72.41
13:10.0,0.57426554,-0.5376123,-0.4286761,0.15084948,0.38916326,-0.71223944,-0.58160543,-0.028185463,0.7118224,-0.15632403,-0.11663051,0.64854664,0.39299223,0.3364779,0.4089587,0.24157523,0.17243852,0.48346838,0.37882522,0.1028801,810.293,862.674,843.73627,821.1722,703.91943,0.170837402,0.115234375,0.971374512,1.390686035,2.467346191,2.198181152,1,1,1,1,1,72.41
13:10.5,0.5459911,-0.43434462,-0.30812228,0.2639855,0.37691253,-0.4504235,-0.5500396,0.014701196,0.6524257,-0.13030033,-0.21621297,0.70224714,0.40151638,0.31896895,0.4245845,0.14972793,0.17551273,0.4305995,0.362934,0.035514288,913.0403,855.82416,853.8095,899.34064,1046.0073,0.173706055,0.118835449,0.971313477,1.637420654,2.362670898,2.609405518,1,1,1,1,1,72.41
13:11.0,0.61890155,-0.54422826,-0.09743686,0.30499527,0.4879962,-0.4247064,-0.4936208,0.006763858,0.7501662,-0.05626789,-0.2420902,0.70060146,0.39232218,0.39154217,0.49507013,0.17376126,0.11493025,0.46677396,0.37667853,-0.002356977,915.8608,849.7802,857.03296,918.68134,992.8205,0.17578125,0.116149902,0.971801758,0.306549072,2.542114258,2.078552246,1,1,1,1,1,72.41
13:11.6,0.69291663,-0.4848351,-0.14364457,0.1846851,0.5217602,-0.4192733,-0.47237125,-0.025244923,0.58637977,-0.21626493,-0.276691,0.7168094,0.42711282,0.37236965,0.5151957,0.2817406,0.074580334,0.5025819,0.28485408,-0.003480911,846.55676,853.00366,850.989,850.989,757.1062,0.178833008,0.11932373,0.97076416,1.06918335,2.220611572,2.205657959,1,1,1,1,1,72.41
13:12.1,0.5671423,-0.64880913,-0.3089841,0.060577177,0.45453525,-0.60006595,-0.4429173,-0.21547036,0.59182775,-0.12401704,-0.19003144,0.66263276,0.41389748,0.3068008,0.5050196,0.32969186,0.0720279,0.4691186,0.37214294,0.08684638,784.5055,849.7802,851.39197,779.2674,678.5348,0.179748535,0.118835449,0.967041016,1.233673096,2.175750732,2.362670898,1,1,1,1,1,72.41
13:12.6,0.43414065,-0.813594,-0.6895408,-0.11239282,0.34562638,-0.706583,-0.508279,-0.26576164,0.5847245,-0.16359714,-0.10823663,0.6850789,0.37386823,0.14673263,0.42416584,0.29143336,0.024110282,0.41570723,0.3782023,0.056442767,820.7692,855.0183,848.5714,817.9487,826.0073,0.171447754,0.119567871,0.97076416,0.800018311,3.274841309,1.929016113,1,1,1,1,1,72.41
13:13.1,0.46808305,-0.7360821,-0.49368557,0.061791435,0.26777962,-0.6238557,-0.5495265,-0.013833263,0.47935754,-0.12553506,-0.091049545,0.73448783,0.3395386,0.14127707,0.38226745,0.32198578,0.020573886,0.43656605,0.43535748,0.10315212,909.011,846.9597,835.6777,903.7729,1024.249,0.168701172,0.115783691,0.971618652,0.93460083,3.372039795,1.899108887,1,1,1,1,1,72.41
13:13.6,0.50286806,-0.3389615,-0.3355474,0.10207771,0.3024945,-0.5697752,-0.6620596,0.04359979,0.47314933,0.06619679,-0.091049545,0.72013825,0.36189097,0.13528956,0.33950338,0.3523754,0.0696184,0.53599256,0.40589964,0.120763116,925.12823,848.5714,854.61536,915.4579,996.8498,0.169189453,0.118652344,0.974304199,1.413116455,2.011260986,2.377624512,1,1,1,1,1,72.41
13:14.2,0.56795764,-0.2382964,-0.30035996,0.09241989,0.21240959,-0.5754021,-0.6563957,-0.059745647,0.44902155,0.061506707,-0.114297986,0.68397635,0.347399,0.14933176,0.30350125,0.36127102,0.13736476,0.59610695,0.42219558,0.15038274,828.4249,847.76556,843.3333,844.1392,776.8498,0.174682617,0.120666504,0.97052002,1.054229736,2.175750732,2.549591064,1,1,1,1,1,72.41
13:14.7,0.42808512,0.13847288,-0.11721356,0.002073054,0.29551232,-0.78277034,-0.7564422,-0.22540142,0.6645952,0.07847478,0.274277,0.7069129,0.42529565,0.1660466,0.42599872,0.3348744,0.18950601,0.54033494,0.4644281,0.15072086,896.9231,854.21246,847.76556,905.38464,884.0293,0.172851563,0.118225098,0.971801758,0.91217041,2.766418457,1.876678467,1,1,1,1,1,72.41
13:15.2,0.33980936,0.1743434,0.040169474,0.110260114,0.33601528,-0.7179602,-0.460765,-0.050025567,0.73325765,0.015149346,0.32747,0.7155887,0.45349503,0.23107955,0.5265256,0.41005948,0.1991137,0.44662535,0.44140786,0.13317414,815.5311,846.55676,850.18317,807.8755,856.63007,0.174865723,0.118896484,0.969787598,1.158905029,2.811279297,2.0262146,1,1,1,1,1,72.41
13:15.7,0.45135233,0.19622858,0.107318036,0.33982143,0.45970106,-0.26392835,-0.4087832,0.13318892,0.7306166,0.046461236,0.32747,0.7253611,0.48033005,0.2594816,0.56522924,0.44879276,0.21213941,0.39464274,0.36763662,0.111242436,909.41394,847.3626,854.21246,914.65204,981.9414,0.174255371,0.119567871,0.970703125,1.278533936,2.80380249,2.123413086,1,1,1,1,1,72.41
13:16.2,0.8672895,0.07382895,0.043659203,0.59173346,0.5801527,-0.064936124,-0.12448498,0.412346,0.809075,0.041396108,0.36551115,0.9141071,0.4810432,0.27631357,0.50636005,0.46619946,0.1554632,0.41353142,0.2623713,0.058947954,921.50183,854.21246,837.28937,915.05493,970.65936,0.170715332,0.120483398,0.972229004,0.986938477,2.228088379,2.362670898,1,1,1,1,1,72.41
13:16.7,0.95613235,0.05190517,-0.017555825,0.62926453,0.59982026,-0.012034011,-0.11484993,0.45928308,0.9313236,0.050876066,0.34921995,0.94016314,0.6094793,0.31080884,0.46795374,0.5155741,0.14746363,0.41672978,0.29676765,0.05274407,811.50183,858.24176,845.7509,807.47253,842.9304,0.170227051,0.119873047,0.972351074,1.203765869,2.504730225,2.153320313,1,1,1,1,1,72.41
13:17.2,0.9050815,-0.1089661,-0.1626668,0.5497223,0.55609065,-0.1701546,-0.16197544,0.46273434,0.91404635,0.06973234,0.34921995,0.930516,0.64813524,0.3228151,0.40405312,0.5094705,0.16740479,0.352451,0.3150221,0.081833296,773.22345,852.6007,844.94507,781.28204,712.7839,0.174255371,0.121520996,0.971130371,0.897216797,2.317810059,2.415008545,1,1,1,1,1,72.38
13:17.8,0.59929854,-0.4322013,-0.23751783,0.13164777,0.36822596,-0.41677982,-0.43961093,0.1988633,0.9109549,0.050270986,0.270941,0.8902089,0.6257471,0.26815045,0.35378414,0.4929781,0.21053573,0.40331337,0.41095108,0.10110199,836.8865,856.2271,850.989,836.4835,896.9231,0.170349121,0.119934082,0.971496582,0.687866211,2.945861816,1.854248047,1,1,1,1,1,72.38
13:18.3,0.4261458,-0.7833061,-0.31717712,-0.10592568,0.23667666,-0.51809996,-0.5146281,0.10175724,0.5439484,0.054874383,-0.031800512,0.7025092,0.42967445,0.1529114,0.24799661,0.29134706,0.1843853,0.40270257,0.43843937,0.045500837,932.7839,855.0183,846.9597,932.7839,1006.52014,0.175109863,0.121704102,0.973022461,1.644897461,2.347717285,2.317810059,1,1,1,1,1,72.38
13:18.8,0.43151608,-0.6500316,-0.26683158,0.124152355,0.28506422,-0.525468,-0.14928132,0.20791507,0.42153284,-0.03256513,0.036061235,0.66788197,0.33177558,0.1357346,0.16877198,0.21151948,0.1371548,0.46502307,0.4762953,0.03873909,890.4762,846.9597,849.3773,892.0879,874.7619,0.16986084,0.118041992,0.972717285,0.777587891,3.035583496,2.078552246,1,1,1,1,1,72.38
13:19.3,0.5413946,-0.46577105,-0.30390897,0.20327884,0.2984023,-0.5538565,-0.08713873,0.32353616,0.35656953,-0.015013142,0.06263672,0.66724366,0.26728624,0.22850747,0.25021714,0.100143775,0.15806818,0.44587663,0.42433372,0.15515627,826.4103,850.989,841.7216,819.5604,889.2674,0.164428711,0.119812012,0.968994141,0.829925537,2.998199463,1.966400146,1,1,1,1,1,72.38
13:19.8,0.6355521,-0.35899574,-0.35959548,0.2983196,0.24911012,-0.59537923,-0.1567359,0.31626192,0.35944134,-0.1582217,0.049519595,0.62836623,0.28717905,0.2562441,0.34268814,0.09935451,0.110283375,0.43178004,0.31453097,0.13824984,939.6337,849.3773,844.5421,916.6667,1046.8132,0.170654297,0.119628906,0.967895508,1.547698975,1.749572754,2.385101318,1,1,1,1,1,72.38
13:20.3,0.62052,-0.44744,-0.4456862,0.19513159,0.29514676,-0.58536154,-0.52270323,0.12457887,0.38301325,-0.40966153,-0.057242304,0.62819314,0.3437145,0.29000118,0.45213115,0.1466018,0.06634027,0.41764316,0.24573113,0.10902045,892.0879,846.55676,846.1539,908.60803,927.1429,0.173828125,0.121887207,0.971435547,0.93460083,2.519683838,2.123413086,1,1,1,1,1,72.38
13:20.8,0.58360666,-0.6381293,-0.43219745,0.17341664,0.26375583,-0.52020824,-0.71784693,-0.10158974,0.47310105,-0.41643047,-0.13582325,0.62120783,0.32579574,0.25038913,0.48559788,0.17507717,-0.015958296,0.40162075,0.28002095,0.01383212,935.6044,850.989,844.94507,924.3223,1008.93774,0.172302246,0.120117188,0.970703125,1.173858643,2.115936279,2.250518799,1,1,1,1,1,72.38
13:21.3,0.5380648,-0.7694212,-0.4568196,0.02960761,0.2787096,-0.63213855,-0.61794627,-0.20772238,0.5188132,-0.30884233,-0.1552038,0.34130475,0.29962507,0.3079749,0.5349882,0.18061024,-0.043742172,0.39273086,0.36416626,0.063517116,880,848.1685,842.9304,878.7912,834.87177,0.175842285,0.12097168,0.967224121,1.203765869,2.220611572,2.325286865,1,1,1,1,1,72.38
13:21.9,0.5175596,-0.50054944,-0.75002176,-0.09045205,0.08264278,-0.7913799,-0.6892198,-0.2520771,0.48846826,-0.2184964,-0.12071309,0.42776635,0.3018963,0.29072708,0.54794025,0.16690639,-0.022600448,0.38252866,0.3307993,0.09803955,773.6264,857.03296,847.3626,779.2674,645.4945,0.168884277,0.119384766,0.972106934,0.665435791,2.886047363,1.9140625,1,1,1,1,1,72.38
13:22.4,0.6033562,-0.49319416,-0.6701322,0.07503918,0.3096969,-0.9894366,-0.6158214,-0.1990527,0.45249107,-0.22868453,-0.122736394,0.44784206,0.2602882,0.27202967,0.5230637,0.1277677,0.03657788,0.32741752,0.22432983,0.06917085,794.9817,860.2564,850.58606,798.20514,809.89014,0.162231445,0.11706543,0.971740723,0.598144531,3.170166016,1.839294434,1,1,1,1,1,72.38
13:22.9,0.55590296,-0.56297284,-0.49090317,0.16105118,0.40464735,-0.7617921,-0.5903622,-0.123333946,0.5051603,-0.2369494,-0.3549577,0.4505211,0.2659855,0.23969035,0.4638227,0.22032245,0.10078205,0.31787604,0.2403471,0.021423217,895.31134,843.3333,850.58606,894.5055,998.86444,0.166381836,0.116394043,0.970397949,1.166381836,2.452392578,2.257995605,1,1,1,1,1,72.38
13:23.4,0.55230623,-0.7947708,-0.44983393,0.13454896,0.5008211,-0.6414237,-0.5258504,0.13866983,0.41921514,-0.30884048,-0.25465736,0.47654715,0.20623033,0.31536835,0.4518077,0.25305676,0.14697525,0.34185287,0.30637407,-0.001020572,780.4762,853.8095,839.707,788.5348,699.89014,0.168701172,0.117858887,0.971191406,1.233673096,2.235565186,2.377624512,1,1,1,1,1,72.38
13:23.9,0.29830274,-0.58022434,-0.28229874,0.26751074,0.401655,-0.42931458,-0.4967513,0.30994242,0.5345674,-0.22216517,-0.16564551,0.32417575,0.32260838,0.40247828,0.4943706,0.2945541,0.060205873,0.40500835,0.3315106,-0.074889995,844.1392,840.5128,839.707,840.5128,764.35895,0.171691895,0.117675781,0.972045898,1.099090576,2.631835938,2.325286865,1,1,1,1,1,72.38
13:24.4,0.30803403,-0.36292136,-0.10819092,0.21003245,0.31112275,-0.36939234,-0.5080403,0.257841,0.57047856,-0.11258188,-0.11627381,0.3979527,0.40044108,0.531395,0.54470867,0.2675555,0.063854955,0.5133662,0.3376059,0.098223835,770.80585,843.73627,848.5714,780.07324,657.5824,0.170349121,0.115478516,0.971191406,0.755157471,2.646789551,1.943969727,1,1,1,1,1,72.38
13:24.9,0.27484113,-0.39856678,-0.034109514,0.24250725,0.12838559,-0.40742642,-0.55688155,0.009125909,0.58470434,-0.13733749,-0.10670134,0.37446782,0.4053131,0.5330815,0.5159121,0.27811098,-0.02193687,0.49534142,0.2694042,0.11086787,932.7839,853.4066,844.5421,931.1722,978.71796,0.169128418,0.11541748,0.973510742,0.725250244,3.349609375,1.794433594,1,1,1,1,1,72.38
13:25.5,0.18848202,-0.58604324,-0.08602281,-0.05751362,0.13035099,-0.5332245,-0.6584566,-0.30831766,0.6128595,-0.1427452,-0.14301653,0.33076438,0.36735043,0.4606197,0.5121632,0.26105246,-0.005059088,0.3973545,0.25292143,0.11536504,910.6227,849.3773,837.28937,901.3553,1031.9048,0.158569336,0.115966797,0.972595215,0.91217041,2.998199463,2.100982666,1,1,1,1,1,72.38
13:26.0,0.22398457,-0.692372,-0.22028379,-0.19669577,0.020527376,-0.7397932,-0.6953359,-0.3648635,0.59281546,-0.22665116,-0.17435126,0.36187905,0.27685985,0.32009584,0.46091875,0.22964127,-0.053058732,0.2039436,0.17440921,-0.0592458,932.381,858.6447,856.2271,920.293,987.1795,0.166381836,0.116882324,0.973510742,1.457977295,2.295379639,2.400054932,1,1,1,1,1,72.38
13:26.5,0.32852238,-0.29279834,-0.14256704,-0.3794464,0.018602837,-0.6084286,-0.62704104,-0.2698017,0.6048768,-0.3167155,-0.104936935,0.67212844,0.26969066,0.28832543,0.5104534,0.19638532,-0.0053731,0.19546483,0.3453116,-0.048632253,786.52014,849.7802,849.7802,793.36993,796.5934,0.165588379,0.118347168,0.973754883,1.009368896,2.796325684,2.355194092,1,1,1,1,1,72.38
13:27.0,0.51784134,-0.20730478,-0.11326674,-0.07043007,0.32662162,-0.44774675,-0.45884737,0.17974325,0.6001748,0.020310555,0.32868284,0.7561524,0.36965677,0.42914605,0.5147333,0.3274028,-0.004763234,0.37624305,0.4610122,0.010504076,762.3443,848.97437,847.3626,772.01465,667.6557,0.164978027,0.116699219,0.971923828,0.88973999,2.87109375,1.929016113,1,1,1,1,1,72.36
13:27.5,0.512919,-0.14083214,-0.07201537,0.12466415,0.36555532,-0.39574516,-0.28820252,0.2924345,0.85297364,0.029852489,0.33233944,0.7191602,0.44784,0.46138185,0.5800112,0.35214415,-0.017792197,0.38630247,0.48473367,-0.007883469,931.5751,840.9158,846.1539,926.7399,1025.8608,0.168640137,0.116760254,0.972045898,1.330871582,2.011260986,2.429962158,1,1,1,1,1,72.36
13:28.0,0.5068426,-0.282452,-0.23925035,0.27677053,0.44210485,-0.3469358,-0.314853,0.4043793,0.8857736,0.03163902,0.33233944,0.65270597,0.4697415,0.40105316,0.4921413,0.3517709,0.012985382,0.43952513,0.42041448,-0.043102108,867.9121,850.989,836.08057,867.1062,814.3223,0.167297363,0.116210938,0.973937988,1.263580322,2.669219971,2.437438965,1,1,1,1,1,72.36
13:28.5,0.37132072,-0.3705039,-0.3489896,0.15442298,0.2950677,-0.36356425,-0.42798844,0.18824108,0.8914798,-0.062836364,0.19777046,0.39977914,0.3779296,0.24235772,0.4318605,0.32871392,0.033509247,0.4217672,0.43115234,-0.08116107,767.5824,844.5421,846.9597,790.54944,670.4762,0.16229248,0.115600586,0.974060059,0.635528564,3.170166016,1.84677124,1,1,1,1,1,72.36
13:29.0,0.35602242,-0.5858762,-0.55610806,0.090000734,0.41931003,-0.38639277,-0.72010994,0.1507035,0.84059817,-0.43443,-0.002748149,0.5838386,0.32294813,0.20317058,0.35695922,0.31425253,0.067855716,0.47293165,0.505898,-0.03408165,797.8022,856.63007,848.1685,783.2967,772.8205,0.157043457,0.114074707,0.976135254,1.233673096,2.616882324,2.257995605,1,1,1,1,1,72.36
13:29.5,0.44722858,-0.5410255,-0.44666132,-0.059933364,0.48686844,-0.50863063,-0.6743299,0.04761026,0.58774287,-0.5805367,-0.015175497,0.6361214,0.2778523,0.27683172,0.441925,0.28011826,0.06019018,0.5357845,0.52789766,0.033417467,888.0586,846.1539,848.5714,864.2857,1001.685,0.163879395,0.116699219,0.971740723,1.667327881,1.764526367,2.459869385,1,1,1,1,1,72.36
13:30.0,0.4957404,-0.35801858,-0.28079426,0.25578594,0.542658,-0.68782365,-0.64779323,0.27343938,0.6999891,-0.54958,-0.29047227,0.690662,0.28974965,0.34541008,0.41700765,0.1841747,0.05965925,0.4993379,0.4884389,0.037352167,808.68134,840.9158,842.52747,809.89014,710.3663,0.162963867,0.116333008,0.972961426,0.747680664,2.579498291,2.429962158,1,1,1,1,1,72.36
13:30.6,0.4823627,-0.35741538,-0.13265817,0.27502105,0.49633008,-0.873165,-0.57133406,0.24956746,0.7198993,-0.47567064,-0.2740352,0.6855755,0.28500107,0.36955523,0.4380087,0.14930551,-0.042840365,0.43269965,0.40865916,-0.01138271,892.8938,853.00366,845.34796,889.67035,882.8205,0.161254883,0.114440918,0.975036621,0.643005371,2.549591064,1.89163208,1,1,1,1,1,72.36
13:31.1,0.40366253,-0.37754017,-0.118374236,0.2328707,0.42359868,-0.7000789,-0.5484329,0.13961837,0.7320807,-0.4470668,-0.59620184,0.5262976,0.37055972,0.39251453,0.4678143,0.17996095,-0.051433094,0.2972554,0.3816207,-0.014786484,824.3956,860.65936,850.58606,820.3663,853.00366,0.160766602,0.111572266,0.974243164,1.121520996,2.78137207,2.183227539,1,1,1,1,1,72.36
13:31.6,0.28556415,-0.48369405,-0.187631,-0.13531066,0.31461757,-0.659514,-0.45859918,-0.10941486,0.5720647,-0.53243184,-0.43454337,0.04573577,0.35752845,0.38393116,0.55688846,0.18964909,-0.09328378,0.2811277,0.30882493,-0.03696465,902.96704,839.304,848.1685,904.9817,1013.36993,0.162780762,0.115783691,0.973571777,1.166381836,2.654266357,2.213134766,1,1,1,1,1,72.36
13:32.1,0.32722002,-0.48755065,-0.3012501,-0.35843953,0.29566422,-0.56366915,-0.4853396,-0.06469844,0.5492993,-0.48187986,-0.4426258,0.4007137,0.29290274,0.32304823,0.52493066,0.19246496,-0.020597853,0.3272467,0.23687513,-0.011326667,937.2161,859.45056,842.1245,931.5751,977.50916,0.157653809,0.114257813,0.975158691,1.106567383,2.287902832,2.392578125,1,1,1,1,1,72.36
13:32.6,0.5063275,-0.5663028,-0.45770434,0.006445505,0.31069785,-0.65066385,-0.5306236,0.15425147,0.3708313,-0.29913372,-0.17429979,0.41117096,0.24766356,0.33238456,0.4864524,0.24449635,-0.11342823,0.23362842,0.09882488,-0.11295392,836.4835,855.0183,840.9158,852.6007,796.99634,0.161132813,0.11340332,0.971557617,0.411224365,2.474822998,1.854248047,1,1,1,1,1,72.36
13:33.1,0.6142448,-0.73608476,-0.52868307,0.03874962,0.27379823,-0.62909263,-0.7227343,0.17673701,0.38857323,-0.12779944,-0.19201577,0.44324473,0.2747191,0.40628752,0.40367594,0.26573473,-0.10275471,0.16641568,-0.030246628,-0.15500207,774.43225,854.61536,846.1539,779.2674,674.10254,0.16796875,0.11541748,0.972106934,1.241149902,2.063598633,2.392578125,1,1,1,1,1,72.36
13:33.6,0.5685498,-0.81011933,-0.528272,0.048292257,0.23183928,-0.68835723,-0.80950314,0.13047384,0.29944935,-0.09878573,-0.1943739,0.44315866,0.37026995,0.42609286,0.36016935,0.29891312,-0.030052548,0.2069304,0.036889214,-0.06268619,805.05493,851.39197,842.9304,796.5934,789.7436,0.165405273,0.115966797,0.972351074,1.106567383,2.392578125,2.392578125,1,1,1,1,1,72.36
13:34.1,0.4546171,-0.7125105,-0.52074826,-0.1028399,0.20028788,-0.5921916,-0.8297487,0.101899445,0.78839815,-0.03573696,-0.19211473,0.39965135,0.40113887,0.37933666,0.33374292,0.3025374,-0.013925094,0.26873899,0.07273276,-0.08541698,884.83514,855.0183,847.3626,891.28204,883.6264,0.164245605,0.115600586,0.973632813,0.84487915,2.422485352,2.684173584,1,1,1,1,1,72.36
13:34.7,0.39709717,-0.5345089,-0.52536476,-0.023678705,0.17310576,-0.49393848,-0.49986628,0.02779284,0.80177075,-0.09258177,-0.14263377,0.41001874,0.37062085,0.29981855,0.32715413,0.2959321,-0.038619738,0.31615204,0.16104747,-0.05722729,929.15753,850.18317,856.63007,920.696,989.59705,0.16394043,0.112792969,0.974609375,0.897216797,2.833709717,2.130889893,1,1,1,1,1,72.36
13:35.2,0.46503508,-0.49599683,-0.673447,0.043875687,0.26272416,-0.48856068,-0.39299157,0.0514061,0.8174727,-0.119746074,0.086757466,0.44013506,0.38986114,0.29896876,0.41148025,0.33195022,-0.04475241,0.33930826,0.16289558,-0.048599884,867.50916,848.97437,851.39197,877.98535,833.2601,0.156555176,0.114868164,0.973449707,0.725250244,3.192596436,1.921539307,1,1,1,1,1,72.36
13:35.7,0.42027286,-0.59595954,-0.59915423,-0.046785176,0.14894883,-0.6239137,-0.42787865,-0.14121817,0.60927486,-0.33767155,0.08534518,0.3600586,0.39348322,0.32836455,0.39278004,0.34797278,0.11316465,0.40916902,0.23748587,0.087874725,797.8022,853.8095,848.97437,801.8315,698.68134,0.153808594,0.11529541,0.974243164,1.02432251,2.519683838,2.145843506,1,1,1,1,1,72.36
13:36.2,0.38394976,-0.7000393,-0.63080037,-0.207738,0.26572546,-0.704602,-0.52233285,-0.046108987,0.6048907,-0.37423784,0.052567437,0.3448567,0.46154904,0.41537637,0.4615184,0.3211476,0.17391042,0.42782265,0.27581784,0.15165362,935.2015,843.73627,839.304,920.293,1055.2748,0.164306641,0.11920166,0.972717285,1.517791748,2.265472412,2.796325684,1,1,1,1,1,72.36
13:36.7,0.4874977,-0.83164054,-0.45383608,-0.13790195,0.19583164,-0.66128874,-0.6715931,-0.006963883,0.49657708,-0.41550592,-0.027593913,0.018381495,0.4887261,0.4564559,0.49947527,0.19637434,0.12252383,0.37269357,0.28605086,0.094528,910.6227,850.18317,840.10986,917.0696,927.5458,0.163208008,0.11505127,0.972839355,0.882263184,2.557067871,2.198181152,1,1,1,1,1,72.36
13:37.2,0.45568833,-0.8381439,-0.37621582,0.23021653,0.2099071,-0.71666706,-0.68059194,0.061015964,0.36200812,-0.26429516,-0.0670649,0.44235218,0.43642932,0.4880747,0.5810346,0.109387875,-0.0615978,0.23951066,0.3385761,-0.012579738,830.4396,838.49817,843.3333,840.5128,733.73627,0.161987305,0.115905762,0.97277832,0.904693604,2.841186523,1.89163208,1,1,1,1,1,72.33
13:37.7,0.5312453,-0.7540427,-0.3351698,0.26855147,0.34117204,-0.6671335,-0.59718555,0.018006088,0.36685985,-0.20810184,0.08623877,0.47856557,0.35870948,0.38231122,0.48782435,0.14257334,-0.2209283,0.15127783,0.3064528,-0.15173727,770.80585,853.8095,847.76556,778.0586,665.64105,0.16204834,0.114196777,0.971252441,1.031799316,2.833709717,2.198181152,1,1,1,1,1,72.33
13:38.2,0.39106616,-0.644894,-0.24197716,0.22655296,0.35420805,-0.77624005,-0.5275671,-0.10630245,0.3602446,-0.20810184,0.08623877,0.46464956,0.24869175,0.38076964,0.4843846,0.19122998,-0.25916955,0.17559053,0.26633295,-0.120041445,799.81683,851.39197,841.31866,799.41394,799.81683,0.161499023,0.114807129,0.973327637,1.099090576,2.788848877,2.325286865,1,1,1,1,1,72.33
13:38.7,0.45230314,-0.5819048,-0.28488168,0.073949315,0.4158459,-0.6615724,-0.5529214,-0.11902204,0.37095198,-0.400869,0.08508216,0.47364432,0.23787543,0.35744658,0.43322265,0.17762841,-0.19902487,0.29368013,0.24048986,-0.08630574,900.9524,844.5421,838.0952,888.0586,1026.6666,0.156311035,0.114685059,0.974975586,0.986938477,3.035583496,2.063598633,1,1,1,1,1,72.33
13:39.2,0.52159005,-0.6368745,-0.30572146,0.13385186,0.35594594,-0.78315896,-0.60260475,0.040114127,0.3009035,-0.43042776,-0.2391471,0.20482977,0.27520478,0.3977581,0.47141075,0.14958434,-0.122199014,0.32552227,0.2822695,-0.04338868,795.78754,850.58606,849.7802,800.2198,726.4835,0.158630371,0.11529541,0.974182129,1.128997803,2.370147705,2.183227539,1,1,1,1,1,72.33
13:39.8,0.507535,-0.65856856,-0.575489,0.11449583,0.3983513,-0.64291906,-0.67238396,0.069121234,0.40179983,-0.36637348,-0.4556144,0.17668416,0.28599516,0.3300498,0.4436901,0.14044552,0.012418864,0.39186078,0.3807588,0.028889932,772.01465,860.2564,857.4359,777.6557,711.5751,0.165588379,0.119018555,0.973327637,1.061706543,2.160797119,2.437438965,1,1,1,1,1,72.33
13:40.3,0.3717636,-0.7721603,-0.4851989,-0.054754768,0.39308316,-0.62633324,-0.8047691,0.12112859,0.41982007,-0.30059478,-0.27421162,0.19411075,0.28376096,0.3238113,0.49267995,0.16440469,0.008184205,0.3228851,0.38254657,0.030271553,848.1685,848.1685,846.9597,838.49817,941.2454,0.159179688,0.112670898,0.967590332,0.643005371,2.280426025,2.138366699,1,1,1,1,1,72.33
13:40.8,0.18368283,-0.6651339,-0.29393274,0.040768757,0.35254574,-0.6583506,-0.91076446,0.040202055,0.44487104,-0.2768592,-0.16312498,0.41056073,0.32147577,0.3919318,0.5329544,0.248716,0.030085959,0.28636822,0.35053483,0.046141412,918.68134,850.989,850.18317,915.05493,1018.20514,0.166870117,0.114990234,0.972473145,0.553283691,3.573913574,1.786956787,1,1,1,1,1,72.33
13:41.3,0.33683005,-0.479857,-0.24647911,0.2957462,0.2551395,-0.76424783,-0.734904,0.099232614,0.48179087,-0.2799501,-0.16573983,0.52108926,0.31254554,0.42352268,0.5622312,0.27142474,-0.02134556,0.12814969,0.23932835,0.01581526,867.1062,855.0183,852.6007,866.7033,934.3956,0.156982422,0.112731934,0.97668457,1.09161377,3.020629883,2.198181152,1,1,1,1,1,72.33
13:41.8,0.4380148,-0.45521632,-0.36400065,0.4886049,0.23645729,-0.8430928,-0.53501874,0.189485,0.5760139,-0.439142,-0.18268336,0.5099389,0.33044437,0.40777612,0.52268857,0.28109106,-0.02874223,0.046125744,0.18796296,-0.07445632,822.7839,844.5421,845.7509,815.9341,739.7802,0.15447998,0.110656738,0.977844238,1.323394775,2.497253418,2.220611572,1,1,1,1,1,72.33
13:42.3,0.4239341,-0.5249369,-0.6210127,0.4113326,0.13517398,-0.77092975,-0.45540878,0.09884663,0.65944993,-0.3718255,-0.442458,0.46205086,0.2965218,0.39820728,0.48231536,0.24080987,-0.1353664,-0.068431705,0.12302388,-0.16731943,766.3736,847.3626,850.18317,768.3883,720.84247,0.163452148,0.118530273,0.974121094,1.203765869,2.243041992,2.549591064,1,1,1,1,1,72.33
13:42.8,0.5393945,-0.5711338,-0.7679469,0.30834928,0.11398778,-0.736969,-0.36288124,0.07467659,0.6326666,-0.41687655,-0.35372373,0.4175672,0.32029763,0.35530692,0.34715486,0.27420494,-0.11400786,0.025056193,0.13023815,-0.15506421,823.9927,850.58606,841.7216,821.1722,874.7619,0.159118652,0.114013672,0.972167969,0.702819824,2.721557617,2.130889893,1,1,1,1,1,72.33
13:43.3,0.4579573,-0.64935845,-0.5942544,-0.008280988,0.06888585,-0.7388234,-0.37644622,-0.041560583,0.5829171,-0.33702415,-0.19981626,0.40628356,0.36227703,0.3512315,0.27684844,0.21062025,-0.10894652,0.10665483,0.12343571,-0.10422891,913.44324,860.2564,852.1978,911.02563,999.2674,0.162597656,0.112548828,0.97277832,0.994415283,2.751464844,2.332763672,1,1,1,1,1,72.33
13:43.8,0.41753536,-0.3664445,-0.3019593,0.12965246,0.03456048,-0.48776028,-0.29394174,-0.04312737,0.54217166,-0.059158873,-0.13020593,0.41212294,0.32592836,0.38446027,0.37893263,0.2556258,-0.08413066,0.16468467,0.124855846,-0.08370801,922.71063,859.85345,853.4066,923.1135,965.82416,0.160888672,0.113220215,0.974121094,1.211242676,2.295379639,2.325286865,1,1,1,1,1,72.33
13:44.3,0.12723257,0.05773281,-0.19159189,0.1417125,0.16567242,-0.3071947,-0.22502165,-0.02628334,0.5006327,0.29352742,0.32642192,0.3558941,0.3223863,0.4547278,0.5622058,0.23782754,-0.18871441,0.13479005,0.064229615,-0.11559672,853.8095,846.1539,846.55676,848.5714,763.5531,0.157592773,0.114990234,0.976928711,1.592559814,2.385101318,2.400054932,1,1,1,1,1,72.33
13:44.9,0.15491453,0.08496031,-0.23160437,0.18094128,0.25262925,-0.34015074,-0.19580898,-0.012065979,0.3810402,0.29352742,0.32642192,0.27915365,0.32331863,0.45294264,0.5599968,0.23160306,-0.17640838,0.09745288,0.036280643,-0.07993803,894.10254,849.3773,847.76556,877.5824,966.63007,0.157043457,0.114990234,0.974914551,1.04675293,2.609405518,2.295379639,1,1,1,1,1,72.33
13:45.4,0.7095163,0.42315012,-0.2926959,0.72850233,0.4458043,-0.14297228,-0.28399718,0.2443317,0.37100264,0.3045599,0.32642192,0.27830237,0.3350479,0.3937865,0.45632663,0.17326477,-0.065817036,0.13878903,0.068035595,-0.019323776,797.8022,839.304,846.9597,799.011,818.7546,0.158569336,0.1171875,0.976867676,1.263580322,2.669219971,2.295379639,1,1,1,1,1,72.33
13:45.9,1.1101398,0.84182024,-0.11701873,1.1758577,0.52658004,0.2540409,-0.22769816,0.54224116,0.39140618,0.12770535,0.23029578,0.49010116,0.4086538,0.36811855,0.29617488,0.25330207,-0.040275194,0.12816566,0.065096505,-0.061585616,882.01465,846.1539,838.49817,892.8938,850.58606,0.16015625,0.11529541,0.973510742,0.710296631,2.841186523,1.973876953,1,1,1,1,1,72.33
13:46.4,1.113457,0.850417,-0.045325655,1.1780885,0.52083313,0.26844877,-0.22389926,0.53442657,0.37776524,0.12770535,0.19239274,0.4911097,0.4101778,0.4069955,0.36849612,0.2824637,-0.013044323,0.14967084,0.1168286,-0.07723116,804.2491,850.58606,848.1685,809.0842,680.9524,0.158325195,0.114318848,0.975341797,0.964508057,2.998199463,2.130889893,1,1,1,1,1,72.33
13:46.9,0.98909503,0.7425661,-0.092283785,1.0308216,0.3869344,0.17185605,-0.25925165,0.41869554,0.3744109,0.09389933,0.19239274,0.48752835,0.4843303,0.38916463,0.44301966,0.37469435,-0.054210905,0.20586057,0.15043274,-0.08686246,781.28204,858.24176,861.4652,786.1172,704.7253,0.158203125,0.113769531,0.975036621,0.485992432,3.372039795,1.742095947,1,1,1,1,1,72.31
13:47.4,0.30273804,-0.35362405,-0.35922727,-0.24320582,0.34097302,-0.63353974,-0.6041626,-0.06991191,0.3807275,-0.14038599,-0.32452065,0.20454279,0.44129682,0.37743425,0.50371987,0.35640985,0.003446186,0.26289982,0.22357653,-0.0795471,841.31866,847.76556,854.21246,838.49817,928.7546,0.14642334,0.110900879,0.973693848,0.859832764,3.162689209,1.98135376,1,1,1,1,1,72.31
13:47.9,0.50580347,-0.3852022,-0.5574826,0.062867,0.37705234,-0.7432369,-0.79981405,0.096630104,0.4944272,-0.35509276,-0.47496495,0.20918936,0.3976562,0.32601833,0.52000326,0.37908018,-0.031708535,0.27221072,0.19206558,-0.1210938,920.293,840.10986,843.73627,909.81683,1054.8718,0.152282715,0.113708496,0.975097656,1.689758301,2.355194092,2.729034424,1,1,1,1,1,72.31
13:48.4,0.7584057,-0.3135559,-0.6216486,0.44100067,0.42787614,-0.8391976,-0.67416996,0.22171195,0.5468044,-0.25620186,-0.29308432,0.28256625,0.35705924,0.2948089,0.51522195,0.35592195,-0.07053637,0.27720097,0.16694646,-0.17356554,902.5641,846.55676,848.1685,902.1612,938.022,0.158752441,0.117675781,0.975280762,1.413116455,2.190704346,2.347717285,1,1,1,1,1,72.31
13:48.9,0.8338662,-0.31256574,-0.62117827,0.5376291,0.41839376,-0.747341,-0.35187435,0.2086077,0.6085237,-0.16939043,-0.032590885,0.35667494,0.31535444,0.2871791,0.44439244,0.2910183,-0.03922489,0.4537376,0.41476578,-0.034596458,807.47253,855.42126,855.0183,809.4872,829.6337,0.155273438,0.11517334,0.973815918,0.590667725,2.73651123,1.86920166,1,1,1,1,1,72.31
13:49.5,0.7726478,-0.4801025,-0.6307049,0.45509306,0.28793794,-0.6312457,-0.2816281,0.01568672,0.6249951,-0.13706078,-0.02241012,0.3491753,0.28584382,0.2511757,0.42614502,0.29664263,0.074351974,0.58369815,0.54557705,0.1442057,768.3883,846.55676,842.9304,767.5824,657.5824,0.156677246,0.11505127,0.974182129,1.031799316,2.923431396,2.422485352,1,1,1,1,1,72.31
13:50.0,0.47711176,-0.46725237,-0.62552464,0.19077092,0.17805909,-0.6419285,-0.25411338,-0.047585983,0.625515,-0.14980769,-0.010247689,0.31962514,0.17842586,0.27197102,0.4012819,0.22601835,0.13630249,0.63106805,0.59241813,0.20469184,921.50183,857.03296,855.0183,935.2015,980.32965,0.155273438,0.115966797,0.975036621,0.643005371,3.259887695,1.772003174,1,1,1,1,1,72.31
13:50.5,0.64648694,0.08373583,-0.3842574,0.47011697,0.23543759,-0.2203566,-0.36356932,0.06334578,0.40925342,-0.20524035,-0.004630862,0.4353855,0.35567832,0.24678841,0.41625342,0.2828385,0.09584053,0.54548,0.43234834,0.13599782,853.8095,841.7216,848.97437,870.7326,792.96704,0.147766113,0.112182617,0.974243164,0.84487915,3.013153076,2.130889893,1,1,1,1,1,72.31
13:51.0,1.4541965,1.0424132,0.22376831,1.4525224,0.5150946,0.21136136,-0.20544457,0.41242805,0.35945287,0.14912626,0.25790018,0.51311606,0.4338276,0.30047598,0.38925445,0.30091444,0.13333663,0.46984056,0.31515583,0.113802135,774.43225,845.34796,851.39197,784.90845,690.2198,0.152770996,0.114135742,0.975097656,1.772003174,1.540222168,2.579498291,1,1,1,1,1,72.31
13:51.5,1.5690011,1.0976303,0.3162592,1.5336685,0.56509745,0.27985173,-0.18105167,0.49892187,0.3297671,0.17815161,0.28018114,0.65839475,0.51335037,0.34050155,0.454642,0.33621383,0.18099047,0.41694787,0.3547395,0.13822429,936.0073,865.89746,864.2857,931.978,1038.7546,0.153503418,0.117370605,0.975524902,0.882263184,2.542114258,2.452392578,1,1,1,1,1,72.31
13:52.0,1.5423188,1.0678779,0.306575,1.5130697,0.5130791,0.18561246,-0.18257695,0.45755824,0.5062788,0.20347275,0.28110838,0.67600864,0.46688434,0.3960003,0.48185092,0.41662568,0.21083084,0.36565438,0.3870752,0.1646156,880.80585,851.79486,844.94507,864.2857,987.98535,0.154541016,0.114501953,0.97442627,0.710296631,2.646789551,2.190704346,1,1,1,1,1,72.31
13:52.5,1.0362034,0.2876898,0.06535933,0.8847464,0.32369697,-0.27088138,-0.04817057,0.3424005,0.67964387,0.05669172,0.3723515,0.69750756,0.4665346,0.40349236,0.4809839,0.43153816,0.13600388,0.32311887,0.37608585,0.11989682,804.65204,856.63007,851.39197,816.337,684.17584,0.151916504,0.113708496,0.973266602,0.762634277,2.340240479,2.280426025,1,1,1,1,1,72.31
13:53.0,0.6641105,-0.107614815,0.058958817,0.3264005,0.39560202,-0.44456473,0.041135922,0.29430526,0.91659576,-0.08549898,0.32980204,0.64442575,0.4950494,0.3463305,0.42103082,0.45241064,0.062067084,0.34626433,0.27745542,0.031871896,885.64105,842.9304,856.2271,883.22345,848.5714,0.147338867,0.113220215,0.979248047,1.629943848,2.699127197,2.542114258,1,1,1,1,1,72.31
13:53.5,0.8530583,-0.055259954,0.03396288,0.4588967,0.42848372,-0.47944003,0.030628983,0.30193213,0.947583,-0.09915306,0.32980204,0.6573786,0.50735426,0.3765741,0.4609383,0.38074845,0.026049223,0.33884397,0.19955014,-0.015880994,848.1685,848.5714,851.39197,839.304,921.0989,0.141845703,0.111206055,0.977050781,0.964508057,2.557067871,2.280426025,1,1,1,1,1,72.31
13:54.1,0.86106545,-0.12498098,-0.19887835,0.35423037,0.39453962,-0.5147079,-0.29652274,0.04800171,0.947583,-0.12662297,0.20798081,0.60796803,0.48020586,0.306528,0.46512026,0.34885916,-0.04641854,0.25328723,0.21146752,-0.14667636,765.56775,845.7509,852.6007,780.07324,764.35895,0.147521973,0.114868164,0.977233887,0.829925537,2.624359131,2.190704346,1,1,1,1,1,72.31
13:54.6,0.8726613,-0.30566806,-0.4472823,0.30863038,0.31469023,-0.40290907,-0.46757764,-0.1426448,0.7767707,-0.20950545,-0.13797727,0.5017953,0.45026848,0.28555253,0.5121055,0.28654256,-0.008066513,0.28757533,0.23526579,-0.05057311,906.99634,843.73627,853.00366,911.02563,893.2967,0.149353027,0.112670898,0.973327637,1.188812256,2.160797119,2.579498291,1,1,1,1,1,72.31
13:55.1,0.58475125,-0.49898648,-0.65591985,-0.097990364,0.17927642,-0.40475476,-0.59233016,-0.12081496,0.69663364,-0.20247242,-0.1915981,0.112221666,0.34089574,0.14507452,0.4454149,0.27426016,0.07655684,0.46344706,0.3243418,0.11332986,931.978,859.0476,854.21246,926.7399,1024.249,0.149780273,0.111938477,0.975463867,0.852355957,2.474822998,1.816864014,1,1,1,1,1,72.31
13:55.6,0.529819,-0.43733647,-0.5340942,-0.19357799,0.14636919,-0.4114095,-0.60212755,0.028944932,0.6996861,-0.19931635,-0.14598,0.1158095,0.3537073,0.1937435,0.47185802,0.26753902,0.13413642,0.5534627,0.30947706,0.17173253,751.4652,864.68866,863.47986,760.32965,651.13556,0.143066406,0.110839844,0.975219727,0.687866211,2.98324585,2.071075439,1,1,1,1,1,72.31
13:56.1,1.2599893,0.5135477,0.42887646,0.9755624,0.529165,-0.26008186,-0.28475848,0.22788279,0.33278364,-0.24707727,-0.16453283,0.0853647,0.32717252,0.202477,0.39291045,0.32310626,0.14239205,0.48570436,0.30305117,0.19359773,846.9597,840.10986,844.5421,836.08057,911.8315,0.139404297,0.112792969,0.978088379,1.278533936,2.841186523,2.355194092,1,1,1,1,1,72.31
13:56.6,1.3472644,0.8125331,0.8344715,1.1752814,0.5886993,-0.18884133,0.09524588,0.3926222,0.34660277,-0.14671417,0.11354103,0.30738106,0.42929584,0.25681946,0.49363604,0.37319288,0.15626657,0.33205792,0.34359077,0.209894,935.2015,859.0476,859.85345,929.9634,1063.7362,0.139404297,0.110961914,0.978027344,1.405639648,1.861724854,2.519683838,1,1,1,1,1,72.31
13:57.1,1.3728497,0.86067873,0.96014315,1.1918808,0.6077846,-0.2155902,0.1626854,0.39038694,0.36366472,-0.13318452,0.17503208,0.30812305,0.39605373,0.27842644,0.49181744,0.35037604,0.11863142,0.18585551,0.3655339,0.17766811,900.54944,848.97437,846.55676,905.78754,913.8461,0.146179199,0.114013672,0.97479248,0.762634277,2.115936279,2.280426025,1,1,1,1,1,72.3
13:57.6,0.89118534,0.6442278,0.83101475,0.84447074,0.36239254,-0.6163921,0.05667108,0.29085997,0.32087377,-0.16201109,0.16936581,0.29130912,0.36446023,0.2621071,0.45591724,0.28161305,0.01650101,0.13950697,0.35586798,0.066340394,816.337,849.3773,855.82416,828.022,714.7985,0.147338867,0.112792969,0.977355957,1.031799316,2.654266357,2.370147705,1,1,1,1,1,72.3
13:58.1,0.6456644,0.072142,0.4198115,0.28277737,0.23347236,-0.79451424,-0.3197693,0.030902797,0.36882812,-0.19469196,0.16759291,0.08785977,0.33423784,0.29512483,0.36635515,0.2347789,-0.05141843,0.2645237,0.24315336,-0.10163902,771.2088,854.61536,839.707,781.28204,686.99634,0.149414063,0.111022949,0.974975586,1.016845703,2.549591064,2.407531738,1,1,1,1,1,72.3
13:58.7,0.3757609,-0.51021975,-0.6284106,0.14956371,0.17140542,-0.8797225,-0.50355405,0.004221491,0.5551885,-0.36857674,-0.069866545,0.24610476,0.30415726,0.26186228,0.3391576,0.22076474,0.028353423,0.37424663,0.27626735,-0.07407702,849.7802,850.18317,853.4066,843.3333,908.20514,0.143371582,0.110351563,0.97467041,0.710296631,2.646789551,2.302856445,1,1,1,1,1,72.3
13:59.2,0.2332211,-0.626185,-0.59277,0.14250758,0.14156178,-0.9382181,-0.4374409,-0.019472502,0.563498,-0.2962437,-0.068198614,0.30119157,0.28922305,0.31626666,0.43218574,0.27891427,0.059808597,0.41879454,0.26520613,-0.058693495,931.1722,850.989,848.1685,917.8755,1056.4835,0.143249512,0.109863281,0.975769043,1.480407715,1.9140625,2.437438965,1,1,1,1,1,72.3
13:59.7,0.21236357,-0.31484133,-0.28210783,0.13946685,0.19579183,-0.7002892,-0.5145142,0.004947924,0.61878604,-0.30830875,-0.03222636,0.32135013,0.196062,0.24275987,0.38877296,0.2609118,0.08957147,0.4324754,0.37569907,0.100505985,896.52014,844.5421,854.61536,901.3553,942.8571,0.147949219,0.115356445,0.975769043,1.495361328,1.682281494,2.73651123,1,1,1,1,1,72.3
14:00.2,0.30682778,0.08732597,-0.18564503,0.09219141,0.2292735,-0.39825544,-0.49888453,0.009070593,0.66054916,-0.27120742,-0.037578035,0.23689015,0.31413537,0.26969898,0.35754007,0.31995672,0.14278984,0.463668,0.39128873,0.17556438,805.05493,847.76556,838.9011,806.26373,734.1392,0.14855957,0.111999512,0.975158691,0.336456299,2.190704346,2.093505859,1,1,1,1,1,72.3
14:00.7,0.3072218,0.11910566,-0.17327273,-0.017213143,0.30507267,-0.3099437,-0.41949582,0.16401103,0.64392906,-0.27588212,-0.023873145,0.29373926,0.36789376,0.2987667,0.3299806,0.305573,0.1503259,0.4926244,0.4553593,0.20204717,922.71063,854.61536,852.1978,901.75824,1038.3517,0.151123047,0.112854004,0.971984863,1.143951416,2.243041992,2.467346191,1,1,1,1,1,72.3
14:01.2,0.1289425,-0.007760293,-0.19486548,-0.14596397,0.32098737,-0.38760266,-0.40984192,0.16365129,0.54718757,-0.29195434,-0.088802494,0.19243562,0.39522108,0.41227812,0.3982876,0.30321708,0.17842232,0.5572109,0.4959334,0.20716237,911.02563,849.3773,853.8095,913.0403,940.4396,0.149719238,0.112182617,0.976135254,0.717773438,2.676696777,1.734619141,1,1,1,1,1,72.3
14:01.7,0.040184353,-0.6097841,-0.3017332,-0.21562873,0.32221225,-0.6549243,-0.5541302,0.12383481,0.4652273,-0.3345029,-0.15727855,0.43108997,0.30891055,0.3572023,0.41068777,0.23648587,0.13479674,0.56693363,0.4740833,0.20195626,831.2454,843.73627,843.73627,842.1245,741.79486,0.13873291,0.111450195,0.979614258,1.031799316,3.327178955,2.041168213,1,1,1,1,1,72.3
14:02.2,0.33579507,-0.8337429,-0.24670395,-0.001621651,0.37294534,-0.5905871,-0.7775542,-0.021099294,0.470167,-0.3716463,-0.2633902,0.41247118,0.2772404,0.3126324,0.39926654,0.21835913,0.15009274,0.53866726,0.3998408,0.23835188,778.0586,847.3626,844.1392,773.22345,692.6374,0.141845703,0.11114502,0.977355957,1.173858643,2.624359131,2.100982666,1,1,1,1,1,72.3
14:02.7,0.47530267,-0.76161,-0.46619713,0.13775828,0.40137798,-0.48830345,-0.8516733,-0.020130662,0.85437036,-0.17103739,-0.057169106,0.43748733,0.22521299,0.24042238,0.3917792,0.14263378,0.124297544,0.4584714,0.38311717,0.1939017,846.1539,860.65936,853.00366,822.7839,868.71796,0.143798828,0.112609863,0.976989746,1.158905029,1.93649292,2.392578125,1,1,1,1,1,72.3
14:03.2,0.522177,-0.66335654,-0.45491835,0.30050522,0.49963126,-0.34713712,-0.78760654,0.004108474,0.8581821,-0.19795644,-0.007751441,0.37400186,0.2147469,0.25923258,0.45020393,0.19463913,0.06948938,0.35143435,0.37909585,0.16936652,919.4872,861.4652,854.21246,908.60803,1028.2784,0.148620605,0.112487793,0.973754883,0.538330078,1.876678467,2.220611572,1,1,1,1,1,72.3
14:03.8,0.5131929,-0.6818345,-0.59817284,0.36916012,0.52377915,-0.39659515,-0.8060875,0.051188555,0.8453074,-0.21705148,-0.020496625,0.37307087,0.22850063,0.2672053,0.4548921,0.22761057,0.1292381,0.5105913,0.4703857,0.1844072,923.1135,853.00366,846.55676,921.0989,940.0366,0.149353027,0.114501953,0.976989746,1.114044189,2.564544678,2.444915771,1,1,1,1,1,72.3
14:04.3,0.47436824,-0.48908058,-0.40995592,0.3616598,0.5238799,-0.45505878,-0.7261854,0.124974385,0.7059859,-0.2797527,-0.02826166,0.3788974,0.34616724,0.27331054,0.40873203,0.40690184,0.16921626,0.6514995,0.5248158,0.26171264,821.1722,846.1539,848.5714,834.0659,729.304,0.149108887,0.112854004,0.973876953,0.650482178,2.669219971,2.213134766,1,1,1,1,1,72.3
14:04.8,0.46421334,-0.43752375,-0.3597853,0.25323865,0.42027876,-0.66068447,-0.6673126,0.06338731,0.44243383,-0.39433593,-0.15390415,0.40905848,0.42562088,0.30883473,0.43153027,0.46285602,0.18789533,0.66812956,0.5516942,0.22007874,886.8498,844.94507,847.3626,881.6117,997.25275,0.146362305,0.110107422,0.975097656,1.158905029,2.579498291,2.287902832,1,1,1,1,1,72.3
14:05.3,0.50821084,-0.44060296,-0.29942894,0.120736115,0.3830243,-0.85794246,-0.61544186,-0.009464094,0.47448394,-0.4516174,-0.10675338,0.40740556,0.40753898,0.30478415,0.38921237,0.44429362,0.17259927,0.6501228,0.52819186,0.20063654,926.7399,843.73627,856.2271,927.1429,1013.36993,0.14239502,0.111022949,0.977416992,1.271057129,2.527160645,2.213134766,1,1,1,1,1,72.3
14:05.8,0.62152547,-0.5641456,-0.37204137,0.015815912,0.34682858,-1.0882194,-0.6443627,-0.039149866,0.35089013,-0.63393104,-0.14786556,0.40026486,0.2995792,0.28090927,0.4047027,0.33913487,0.10950152,0.56970584,0.44340205,0.061051346,863.0769,855.0183,846.1539,868.71796,833.663,0.14465332,0.112121582,0.974487305,1.323394775,2.108459473,2.474822998,1,1,1,1,1,72.3
14:06.3,0.6148185,-0.6312871,-0.5179169,-0.037559524,0.40743867,-0.86530584,-0.654161,0.06226711,0.4253692,-0.55820614,-0.15264648,0.37198636,0.24237336,0.30725506,0.35805038,0.23484257,0.101632796,0.6105241,0.4567842,0.060561404,789.7436,843.73627,847.3626,794.57874,680.9524,0.146179199,0.110290527,0.976928711,0.829925537,2.691650391,2.063598633,1,1,1,1,1,72.3
14:06.8,0.40721017,-0.688415,-0.5825291,-0.07559975,0.30502224,-0.78547907,-0.59176946,0.1018263,0.43218884,-0.5455661,-0.13000056,0.39112374,0.2647964,0.32828477,0.44773036,0.2592365,0.08664129,0.6817371,0.58233297,0.08304656,793.36993,844.5421,846.9597,791.3553,784.90845,0.145263672,0.110351563,0.975158691,0.605621338,2.624359131,2.041168213,1,1,1,1,1,72.3
14:07.3,0.10422638,-0.6786397,-0.73886025,-0.15814605,0.29790097,-0.74843305,-0.49855304,0.007540414,0.39536956,-0.3522322,-0.1853695,0.37251967,0.2635913,0.26857805,0.42504722,0.19330259,0.0876158,0.7456379,0.62773293,0.12843697,872.74725,846.55676,837.6923,857.4359,966.2271,0.145812988,0.112121582,0.971618652,1.338348389,2.639312744,2.407531738,1,1,1,1,1,72.28
14:07.8,0.6460344,0.05367728,-0.30352733,0.5619825,0.5311105,-0.37225246,-0.50903964,0.32402545,0.46326414,-0.2505837,0.026841685,0.3290622,0.18846388,0.22627589,0.44503066,0.16951545,0.0860363,0.7424817,0.62735766,0.13344839,931.5751,852.6007,851.39197,927.9487,1009.7436,0.142944336,0.111328125,0.977539063,0.97946167,2.833709717,2.115936279,1,1,1,1,1,72.28
14:08.3,0.7342065,0.21357112,-0.21517512,0.6676255,0.5982575,-0.36869174,-0.58449435,0.43705973,0.41301456,-0.26979288,0.023782093,0.49329537,0.22238421,0.15943083,0.4374168,0.1668701,0.08395209,0.6231731,0.54675525,0.037370715,865.09155,840.9158,838.0952,863.47986,809.89014,0.14074707,0.110168457,0.976623535,1.263580322,1.689758301,2.646789551,1,1,1,1,1,72.28
14:08.9,0.7918749,0.2114443,-0.23257744,0.6770173,0.62094223,-0.37406012,-0.7068477,0.46435478,0.4196401,-0.26860848,0.012915064,0.49329537,0.26851463,0.29568186,0.5231356,0.27421463,0.12657477,0.49271205,0.5235234,0.018910509,873.95605,851.39197,851.39197,853.00366,973.0769,0.147155762,0.114013672,0.977478027,0.919647217,2.362670898,2.235565186,1,1,1,1,1,72.28
14:09.4,0.50579643,-0.18203601,-0.60116065,0.28500307,0.37909746,-0.85505766,-0.674977,0.26477176,0.44919974,-0.27931347,-0.13069321,0.49329537,0.22981104,0.28322625,0.5190208,0.30761442,0.14149867,0.47536764,0.52543545,0.04173966,917.47253,847.76556,852.1978,919.89014,1039.1575,0.147460938,0.11138916,0.976745605,0.829925537,2.474822998,2.056121826,1,1,1,1,1,72.28
14:09.9,0.3364364,-0.5475376,-1.046588,-0.09960204,0.2686043,-0.8664454,-0.6201425,0.17546687,0.43771738,-0.23804358,-0.13396494,0.40810385,0.13184829,0.3272445,0.5190873,0.21083942,0.16084461,0.543361,0.58611256,0.12939309,877.1795,846.1539,849.3773,881.6117,856.2271,0.142089844,0.109375,0.975280762,0.785064697,2.699127197,1.906585693,1,1,1,1,1,72.28
14:10.4,0.3560299,-0.39453608,-0.85324705,-0.03484907,0.30529565,-0.6916085,-0.59108204,0.19949625,0.63519865,-0.28753227,-0.13723509,0.216762,0.29394802,0.38961706,0.49258673,0.14666028,0.0872447,0.509616,0.5553088,0.124731846,796.99634,852.6007,858.6447,798.60803,688.20514,0.140441895,0.108886719,0.976623535,1.016845703,3.162689209,2.108459473,1,1,1,1,1,72.28
14:10.9,0.2818693,-0.21028338,-0.5522676,-0.08900251,0.27632973,-0.59643877,-0.39353678,0.2115195,0.64642274,-0.31247112,-0.16184588,0.3316934,0.38739476,0.5221346,0.49429303,0.19877547,0.017502602,0.4664879,0.44531885,0.07220275,790.14655,841.31866,844.1392,784.5055,778.86444,0.137634277,0.105834961,0.975891113,0.964508057,2.557067871,2.228088379,1,1,1,1,1,72.28
14:11.4,0.5314728,0.03203836,-0.2531518,0.3736667,0.20572868,-0.3369743,-0.09849314,0.12647794,0.67133164,-0.34725833,-0.11061996,0.33141065,0.43437013,0.5272965,0.49331337,0.28525272,-0.12060785,0.35851938,0.29435164,-0.00122987,878.3883,850.18317,846.9597,861.4652,998.86444,0.14453125,0.113342285,0.976013184,1.786956787,2.512207031,2.691650391,1,1,1,1,1,72.28
14:11.9,0.59983164,-0.03328348,-0.2848075,0.32973537,0.15926632,-0.40788826,-0.11355749,0.029762633,0.49373543,-0.25675455,-0.13005656,0.26573226,0.33127683,0.42203072,0.44427943,0.30420554,0.004097465,0.5223105,0.42527366,0.07579974,917.0696,855.42126,848.1685,912.6374,1028.2784,0.148193359,0.109191895,0.977111816,0.84487915,2.527160645,2.183227539,1,1,1,1,1,72.28
14:12.4,0.7332198,-0.20778784,-0.40380508,0.40840697,0.20346776,-0.5437908,-0.34170482,-0.090723656,0.5041726,-0.26973075,-0.13138048,0.18536954,0.3145919,0.29816133,0.41722545,0.2503117,0.0469674,0.52843446,0.52722055,0.08533469,861.4652,842.52747,844.1392,863.47986,829.2308,0.147583008,0.107543945,0.976013184,1.076660156,2.190704346,2.250518799,1,1,1,1,1,72.28
14:12.9,0.7354611,-0.6633956,-0.596094,0.18329757,0.21984464,-0.9581623,-0.44810584,0.12592705,0.44968158,-0.2627578,-0.08012794,0.40713987,0.30874506,0.32457587,0.39779964,0.21498017,0.08245686,0.62527376,0.578359,0.076682314,854.61536,852.1978,853.00366,846.9597,939.6337,0.147155762,0.111206055,0.977600098,1.293487549,2.542114258,2.325286865,1,1,1,1,1,72.28
14:13.5,0.65676177,-0.63156533,-0.59148437,0.18057913,0.24437612,-0.99851656,-0.32806566,0.2492121,0.569928,-0.2391544,-0.059621733,0.45105165,0.23948947,0.27076122,0.42127272,0.07932531,0.042595025,0.63045067,0.58733875,0.025838042,906.99634,847.76556,843.73627,903.36993,1002.49084,0.13848877,0.10760498,0.9765625,0.657958984,3.372039795,2.041168213,1,1,1,1,1,72.28
14:14.0,0.59379566,-0.33406115,-0.36404288,0.32302132,0.33180606,-0.7318411,-0.2306935,0.37102035,0.5977739,-0.29710153,-0.07746624,0.5080144,0.25360376,0.24218245,0.40530822,0.05925493,0.055497404,0.6109007,0.5857086,0.008486187,897.326,850.989,846.9597,890.07324,883.22345,0.140075684,0.108276367,0.977355957,1.345825195,1.84677124,2.377624512,1,1,1,1,1,72.28
14:14.5,0.6567307,-0.12784748,-0.09041206,0.5446371,0.5179914,-0.35585624,-0.19502413,0.43742487,0.5973097,-0.35394245,-0.09802589,0.51956487,0.25867078,0.120939575,0.390897,0.13130397,0.061181407,0.527282,0.5210669,0.06827885,794.57874,855.42126,851.79486,801.8315,709.5604,0.141235352,0.113769531,0.976867676,1.06918335,2.385101318,2.257995605,1,1,1,1,1,72.28
14:15.0,0.6730797,-0.10193047,-0.046813406,0.53304034,0.50548553,-0.27048874,-0.3230627,0.3542039,0.34378272,-0.28330514,-0.23409812,0.461039,0.3170474,0.15459794,0.33722842,0.18501398,0.042401478,0.35651714,0.41382328,0.062374905,788.93774,848.97437,848.97437,786.9231,768.7912,0.146911621,0.109436035,0.975708008,1.106567383,2.325286865,2.422485352,1,1,1,1,1,72.28
14:15.5,0.56602114,-0.19514652,-0.115837164,0.31444153,0.43818957,-0.37838194,-0.4817521,0.21846151,0.31436187,-0.22445612,-0.24434112,0.5346904,0.4128214,0.1684275,0.30082092,0.18716493,-0.003963349,0.28812796,0.37637714,0.079526305,864.68866,860.2564,852.6007,856.63007,942.4542,0.145568848,0.107543945,0.976013184,0.747680664,2.80380249,1.816864014,1,1,1,1,1,72.28
